date,operator_name,tracking_id,card_id,registrations,ftds,commission_per_ftd,total_commission,currency,tracking_id_date,tracking_id_card_id,tracking_id_campaign_id,fx_to_gbp,total_commission_gbp,commission_per_ftd_gbp
2025-03-31,LuckyEdge,250331303003,303,416.0,60.0,250,15000.0,GBP,250331,303,003,1.0,15000.0,250.0
2025-03-31,LuckyEdge,250331302002,302,184.0,1.0,250,250.0,GBP,250331,302,002,1.0,250.0,250.0
2025-03-31,LuckyEdge,250331301001,301,937.0,13.0,250,3250.0,GBP,250331,301,001,1.0,3250.0,250.0
2025-03-31,SpinZone,250331203003,203,162.0,42.0,175,7350.0,EUR,250331,203,003,0.86,6321.0,150.5
2025-03-31,SpinZone,250331202002,202,867.0,89.0,175,15575.0,EUR,250331,202,002,0.86,13394.5,150.5
2025-03-31,SpinZone,250331201001,201,603.0,64.0,175,11200.0,EUR,250331,201,001,0.86,9632.0,150.5
2025-03-31,NovaBet,250331103003,103,198.0,16.0,200,3200.0,GBP,250331,103,003,1.0,3200.0,200.0
2025-03-31,NovaBet,250331102002,102,333.0,109.0,200,21800.0,GBP,250331,102,002,1.0,21800.0,200.0
2025-03-31,NovaBet,250331101001,101,857.0,1.0,200,200.0,GBP,250331,101,001,1.0,200.0,200.0
2025-03-30,LuckyEdge,250330303003,303,386.0,37.0,250,9250.0,GBP,250330,303,003,1.0,9250.0,250.0
2025-03-30,LuckyEdge,250330302002,302,271.0,29.0,250,7250.0,GBP,250330,302,002,1.0,7250.0,250.0
2025-03-30,LuckyEdge,250330301001,301,262.0,75.0,250,18750.0,GBP,250330,301,001,1.0,18750.0,250.0
2025-03-30,SpinZone,250330203003,203,899.0,283.0,175,49525.0,EUR,250330,203,003,0.86,42591.5,150.5
2025-03-30,SpinZone,250330202002,202,260.0,8.0,175,1400.0,EUR,250330,202,002,0.86,1204.0,150.5
2025-03-30,SpinZone,250330201001,201,855.0,289.0,175,50575.0,EUR,250330,201,001,0.86,43494.5,150.5
2025-03-30,NovaBet,250330103003,103,299.0,16.0,200,3200.0,GBP,250330,103,003,1.0,3200.0,200.0
2025-03-30,NovaBet,250330102002,102,855.0,170.0,200,34000.0,GBP,250330,102,002,1.0,34000.0,200.0
2025-03-30,NovaBet,250330101001,101,71.0,1.0,200,200.0,GBP,250330,101,001,1.0,200.0,200.0
2025-03-29,LuckyEdge,250329303003,303,704.0,152.0,250,38000.0,GBP,250329,303,003,1.0,38000.0,250.0
2025-03-29,LuckyEdge,250329302002,302,267.0,82.0,250,20500.0,GBP,250329,302,002,1.0,20500.0,250.0
2025-03-29,LuckyEdge,250329301001,301,143.0,42.0,250,10500.0,GBP,250329,301,001,1.0,10500.0,250.0
2025-03-29,SpinZone,250329203003,203,918.0,232.0,175,40600.0,EUR,250329,203,003,0.86,34916.0,150.5
2025-03-29,SpinZone,250329202002,202,175.0,60.0,175,10500.0,EUR,250329,202,002,0.86,9030.0,150.5
2025-03-29,SpinZone,250329201001,201,332.0,24.0,175,4200.0,EUR,250329,201,001,0.86,3612.0,150.5
2025-03-29,NovaBet,250329103003,103,112.0,25.0,200,5000.0,GBP,250329,103,003,1.0,5000.0,200.0
2025-03-29,NovaBet,250329102002,102,973.0,183.0,200,36600.0,GBP,250329,102,002,1.0,36600.0,200.0
2025-03-29,NovaBet,250329101001,101,426.0,139.0,200,27800.0,GBP,250329,101,001,1.0,27800.0,200.0
2025-03-28,LuckyEdge,250328303003,303,151.0,43.0,250,10750.0,GBP,250328,303,003,1.0,10750.0,250.0
2025-03-28,LuckyEdge,250328302002,302,925.0,185.0,250,46250.0,GBP,250328,302,002,1.0,46250.0,250.0
2025-03-28,LuckyEdge,250328301001,301,505.0,60.0,250,15000.0,GBP,250328,301,001,1.0,15000.0,250.0
2025-03-28,SpinZone,250328203003,203,272.0,56.0,175,9800.0,EUR,250328,203,003,0.86,8428.0,150.5
2025-03-28,SpinZone,250328202002,202,756.0,189.0,175,33075.0,EUR,250328,202,002,0.86,28444.5,150.5
2025-03-28,SpinZone,250328201001,201,336.0,4.0,175,700.0,EUR,250328,201,001,0.86,602.0,150.5
2025-03-28,NovaBet,250328103003,103,680.0,104.0,200,20800.0,GBP,250328,103,003,1.0,20800.0,200.0
2025-03-28,NovaBet,250328102002,102,903.0,250.0,200,50000.0,GBP,250328,102,002,1.0,50000.0,200.0
2025-03-28,NovaBet,250328101001,101,720.0,25.0,200,5000.0,GBP,250328,101,001,1.0,5000.0,200.0
2025-03-27,LuckyEdge,250327303003,303,956.0,212.0,250,53000.0,GBP,250327,303,003,1.0,53000.0,250.0
2025-03-27,LuckyEdge,250327302002,302,794.0,79.0,250,19750.0,GBP,250327,302,002,1.0,19750.0,250.0
2025-03-27,LuckyEdge,250327301001,301,651.0,190.0,250,47500.0,GBP,250327,301,001,1.0,47500.0,250.0
2025-03-27,SpinZone,250327203003,203,736.0,214.0,175,37450.0,EUR,250327,203,003,0.86,32207.0,150.5
2025-03-27,SpinZone,250327202002,202,514.0,94.0,175,16450.0,EUR,250327,202,002,0.86,14147.0,150.5
2025-03-27,SpinZone,250327201001,201,188.0,49.0,175,8575.0,EUR,250327,201,001,0.86,7374.5,150.5
2025-03-27,NovaBet,250327103003,103,958.0,275.0,200,55000.0,GBP,250327,103,003,1.0,55000.0,200.0
2025-03-27,NovaBet,250327102002,102,149.0,15.0,200,3000.0,GBP,250327,102,002,1.0,3000.0,200.0
2025-03-27,NovaBet,250327101001,101,554.0,29.0,200,5800.0,GBP,250327,101,001,1.0,5800.0,200.0
2025-03-26,LuckyEdge,250326303003,303,88.0,9.0,250,2250.0,GBP,250326,303,003,1.0,2250.0,250.0
2025-03-26,LuckyEdge,250326302002,302,193.0,5.0,250,1250.0,GBP,250326,302,002,1.0,1250.0,250.0
2025-03-26,LuckyEdge,250326301001,301,468.0,29.0,250,7250.0,GBP,250326,301,001,1.0,7250.0,250.0
2025-03-26,SpinZone,250326203003,203,359.0,83.0,175,14525.0,EUR,250326,203,003,0.86,12491.5,150.5
2025-03-26,SpinZone,250326202002,202,525.0,179.0,175,31325.0,EUR,250326,202,002,0.86,26939.5,150.5
2025-03-26,SpinZone,250326201001,201,700.0,210.0,175,36750.0,EUR,250326,201,001,0.86,31605.0,150.5
2025-03-26,NovaBet,250326103003,103,713.0,16.0,200,3200.0,GBP,250326,103,003,1.0,3200.0,200.0
2025-03-26,NovaBet,250326102002,102,385.0,56.0,200,11200.0,GBP,250326,102,002,1.0,11200.0,200.0
2025-03-26,NovaBet,250326101001,101,955.0,287.0,200,57400.0,GBP,250326,101,001,1.0,57400.0,200.0
2025-03-25,LuckyEdge,250325303003,303,75.0,19.0,250,4750.0,GBP,250325,303,003,1.0,4750.0,250.0
2025-03-25,LuckyEdge,250325302002,302,289.0,60.0,250,15000.0,GBP,250325,302,002,1.0,15000.0,250.0
2025-03-25,LuckyEdge,250325301001,301,160.0,43.0,250,10750.0,GBP,250325,301,001,1.0,10750.0,250.0
2025-03-25,SpinZone,250325203003,203,892.0,190.0,175,33250.0,EUR,250325,203,003,0.86,28595.0,150.5
2025-03-25,SpinZone,250325202002,202,648.0,97.0,175,16975.0,EUR,250325,202,002,0.86,14598.5,150.5
2025-03-25,SpinZone,250325201001,201,738.0,134.0,175,23450.0,EUR,250325,201,001,0.86,20167.0,150.5
2025-03-25,NovaBet,250325103003,103,515.0,94.0,200,18800.0,GBP,250325,103,003,1.0,18800.0,200.0
2025-03-25,NovaBet,250325102002,102,599.0,31.0,200,6200.0,GBP,250325,102,002,1.0,6200.0,200.0
2025-03-25,NovaBet,250325101001,101,64.0,8.0,200,1600.0,GBP,250325,101,001,1.0,1600.0,200.0
2025-03-24,LuckyEdge,250324303003,303,859.0,202.0,250,50500.0,GBP,250324,303,003,1.0,50500.0,250.0
2025-03-24,LuckyEdge,250324302002,302,424.0,23.0,250,5750.0,GBP,250324,302,002,1.0,5750.0,250.0
2025-03-24,LuckyEdge,250324301001,301,916.0,285.0,250,71250.0,GBP,250324,301,001,1.0,71250.0,250.0
2025-03-24,SpinZone,250324203003,203,930.0,203.0,175,35525.0,EUR,250324,203,003,0.86,30551.5,150.5
2025-03-24,SpinZone,250324202002,202,194.0,28.0,175,4900.0,EUR,250324,202,002,0.86,4214.0,150.5
2025-03-24,SpinZone,250324201001,201,529.0,19.0,175,3325.0,EUR,250324,201,001,0.86,2859.5,150.5
2025-03-24,NovaBet,250324103003,103,873.0,58.0,200,11600.0,GBP,250324,103,003,1.0,11600.0,200.0
2025-03-24,NovaBet,250324102002,102,814.0,173.0,200,34600.0,GBP,250324,102,002,1.0,34600.0,200.0
2025-03-24,NovaBet,250324101001,101,543.0,75.0,200,15000.0,GBP,250324,101,001,1.0,15000.0,200.0
2025-03-23,LuckyEdge,250323303003,303,313.0,105.0,250,26250.0,GBP,250323,303,003,1.0,26250.0,250.0
2025-03-23,LuckyEdge,250323302002,302,900.0,84.0,250,21000.0,GBP,250323,302,002,1.0,21000.0,250.0
2025-03-23,LuckyEdge,250323301001,301,985.0,139.0,250,34750.0,GBP,250323,301,001,1.0,34750.0,250.0
2025-03-23,SpinZone,250323203003,203,593.0,128.0,175,22400.0,EUR,250323,203,003,0.86,19264.0,150.5
2025-03-23,SpinZone,250323202002,202,185.0,46.0,175,8050.0,EUR,250323,202,002,0.86,6923.0,150.5
2025-03-23,SpinZone,250323201001,201,229.0,25.0,175,4375.0,EUR,250323,201,001,0.86,3762.5,150.5
2025-03-23,NovaBet,250323103003,103,384.0,106.0,200,21200.0,GBP,250323,103,003,1.0,21200.0,200.0
2025-03-23,NovaBet,250323102002,102,142.0,18.0,200,3600.0,GBP,250323,102,002,1.0,3600.0,200.0
2025-03-23,NovaBet,250323101001,101,423.0,33.0,200,6600.0,GBP,250323,101,001,1.0,6600.0,200.0
2025-03-22,LuckyEdge,250322303003,303,84.0,18.0,250,4500.0,GBP,250322,303,003,1.0,4500.0,250.0
2025-03-22,LuckyEdge,250322302002,302,366.0,112.0,250,28000.0,GBP,250322,302,002,1.0,28000.0,250.0
2025-03-22,LuckyEdge,250322301001,301,975.0,20.0,250,5000.0,GBP,250322,301,001,1.0,5000.0,250.0
2025-03-22,SpinZone,250322203003,203,693.0,24.0,175,4200.0,EUR,250322,203,003,0.86,3612.0,150.5
2025-03-22,SpinZone,250322202002,202,744.0,70.0,175,12250.0,EUR,250322,202,002,0.86,10535.0,150.5
2025-03-22,SpinZone,250322201001,201,685.0,64.0,175,11200.0,EUR,250322,201,001,0.86,9632.0,150.5
2025-03-22,NovaBet,250322103003,103,701.0,48.0,200,9600.0,GBP,250322,103,003,1.0,9600.0,200.0
2025-03-22,NovaBet,250322102002,102,410.0,56.0,200,11200.0,GBP,250322,102,002,1.0,11200.0,200.0
2025-03-22,NovaBet,250322101001,101,671.0,205.0,200,41000.0,GBP,250322,101,001,1.0,41000.0,200.0
2025-03-21,LuckyEdge,250321303003,303,844.0,117.0,250,29250.0,GBP,250321,303,003,1.0,29250.0,250.0
2025-03-21,LuckyEdge,250321302002,302,902.0,146.0,250,36500.0,GBP,250321,302,002,1.0,36500.0,250.0
2025-03-21,LuckyEdge,250321301001,301,982.0,254.0,250,63500.0,GBP,250321,301,001,1.0,63500.0,250.0
2025-03-21,SpinZone,250321203003,203,935.0,25.0,175,4375.0,EUR,250321,203,003,0.86,3762.5,150.5
2025-03-21,SpinZone,250321202002,202,58.0,18.0,175,3150.0,EUR,250321,202,002,0.86,2709.0,150.5
2025-03-21,SpinZone,250321202002,202,58.0,18.0,175,3150.0,EUR,250321,202,002,0.86,2709.0,150.5
2025-03-21,SpinZone,250321201001,201,455.0,70.0,175,12250.0,EUR,250321,201,001,0.86,10535.0,150.5
2025-03-21,NovaBet,250321103003,103,72.0,21.0,200,4200.0,GBP,250321,103,003,1.0,4200.0,200.0
2025-03-21,NovaBet,250321102002,102,766.0,151.0,200,30200.0,GBP,250321,102,002,1.0,30200.0,200.0
2025-03-21,NovaBet,250321101001,101,417.0,75.0,200,15000.0,GBP,250321,101,001,1.0,15000.0,200.0
2025-03-20,LuckyEdge,250320303003,303,440.0,146.0,250,36500.0,GBP,250320,303,003,1.0,36500.0,250.0
2025-03-20,LuckyEdge,250320302002,302,159.0,15.0,250,3750.0,GBP,250320,302,002,1.0,3750.0,250.0
2025-03-20,LuckyEdge,250320301001,301,923.0,247.0,250,61750.0,GBP,250320,301,001,1.0,61750.0,250.0
2025-03-20,SpinZone,250320203003,203,253.0,49.0,175,8575.0,EUR,250320,203,003,0.86,7374.5,150.5
2025-03-20,SpinZone,250320202002,202,517.0,77.0,175,13475.0,EUR,250320,202,002,0.86,11588.5,150.5
2025-03-20,SpinZone,250320201001,201,484.0,64.0,175,11200.0,EUR,250320,201,001,0.86,9632.0,150.5
2025-03-20,NovaBet,250320103003,103,704.0,246.0,200,49200.0,GBP,250320,103,003,1.0,49200.0,200.0
2025-03-20,NovaBet,250320102002,102,403.0,76.0,200,15200.0,GBP,250320,102,002,1.0,15200.0,200.0
2025-03-20,NovaBet,250320101001,101,125.0,28.0,200,5600.0,GBP,250320,101,001,1.0,5600.0,200.0
2025-03-19,LuckyEdge,250319303003,303,743.0,80.0,250,20000.0,GBP,250319,303,003,1.0,20000.0,250.0
2025-03-19,LuckyEdge,250319302002,302,972.0,147.0,250,36750.0,GBP,250319,302,002,1.0,36750.0,250.0
2025-03-19,LuckyEdge,250319301001,301,59.0,14.0,250,3500.0,GBP,250319,301,001,1.0,3500.0,250.0
2025-03-19,SpinZone,250319203003,203,311.0,85.0,175,14875.0,EUR,250319,203,003,0.86,12792.5,150.5
2025-03-19,SpinZone,250319202002,202,310.0,58.0,175,10150.0,EUR,250319,202,002,0.86,8729.0,150.5
2025-03-19,SpinZone,250319201001,201,522.0,163.0,175,28525.0,EUR,250319,201,001,0.86,24531.5,150.5
2025-03-19,NovaBet,250319103003,103,196.0,29.0,200,5800.0,GBP,250319,103,003,1.0,5800.0,200.0
2025-03-19,NovaBet,250319102002,102,984.0,298.0,200,59600.0,GBP,250319,102,002,1.0,59600.0,200.0
2025-03-19,NovaBet,250319101001,101,296.0,63.0,200,12600.0,GBP,250319,101,001,1.0,12600.0,200.0
2025-03-18,LuckyEdge,250318303003,303,684.0,174.0,250,43500.0,GBP,250318,303,003,1.0,43500.0,250.0
2025-03-18,LuckyEdge,250318302002,302,941.0,195.0,250,48750.0,GBP,250318,302,002,1.0,48750.0,250.0
2025-03-18,LuckyEdge,250318301001,301,130.0,39.0,250,9750.0,GBP,250318,301,001,1.0,9750.0,250.0
2025-03-18,SpinZone,250318203003,203,224.0,22.0,175,3850.0,EUR,250318,203,003,0.86,3311.0,150.5
2025-03-18,SpinZone,250318202002,202,861.0,92.0,175,16100.0,EUR,250318,202,002,0.86,13846.0,150.5
2025-03-18,SpinZone,250318201001,201,629.0,174.0,175,30450.0,EUR,250318,201,001,0.86,26187.0,150.5
2025-03-18,NovaBet,250318103003,103,593.0,105.0,200,21000.0,GBP,250318,103,003,1.0,21000.0,200.0
2025-03-18,NovaBet,250318102002,102,199.0,31.0,200,6200.0,GBP,250318,102,002,1.0,6200.0,200.0
2025-03-18,NovaBet,250318101001,101,433.0,110.0,200,22000.0,GBP,250318,101,001,1.0,22000.0,200.0
2025-03-17,LuckyEdge,250317303003,303,350.0,45.0,250,11250.0,GBP,250317,303,003,1.0,11250.0,250.0
2025-03-17,LuckyEdge,250317302002,302,865.0,28.0,250,7000.0,GBP,250317,302,002,1.0,7000.0,250.0
2025-03-17,LuckyEdge,250317301001,301,97.0,20.0,250,5000.0,GBP,250317,301,001,1.0,5000.0,250.0
2025-03-17,SpinZone,250317203003,203,975.0,14.0,175,2450.0,EUR,250317,203,003,0.86,2107.0,150.5
2025-03-17,SpinZone,250317202002,202,760.0,153.0,175,26775.0,EUR,250317,202,002,0.86,23026.5,150.5
2025-03-17,SpinZone,250317201001,201,504.0,42.0,175,7350.0,EUR,250317,201,001,0.86,6321.0,150.5
2025-03-17,NovaBet,250317103003,103,943.0,51.0,200,10200.0,GBP,250317,103,003,1.0,10200.0,200.0
2025-03-17,NovaBet,250317102002,102,698.0,180.0,200,36000.0,GBP,250317,102,002,1.0,36000.0,200.0
2025-03-17,NovaBet,250317101001,101,150.0,48.0,200,9600.0,GBP,250317,101,001,1.0,9600.0,200.0
2025-03-16,LuckyEdge,250316303003,303,142.0,27.0,250,6750.0,GBP,250316,303,003,1.0,6750.0,250.0
2025-03-16,LuckyEdge,250316302002,302,282.0,95.0,250,23750.0,GBP,250316,302,002,1.0,23750.0,250.0
2025-03-16,LuckyEdge,250316301001,301,993.0,147.0,250,36750.0,GBP,250316,301,001,1.0,36750.0,250.0
2025-03-16,SpinZone,250316203003,203,696.0,175.0,175,30625.0,EUR,250316,203,003,0.86,26337.5,150.5
2025-03-16,SpinZone,250316202002,202,120.0,15.0,175,2625.0,EUR,250316,202,002,0.86,2257.5,150.5
2025-03-16,SpinZone,250316201001,201,86.0,19.0,175,3325.0,EUR,250316,201,001,0.86,2859.5,150.5
2025-03-16,NovaBet,250316103003,103,943.0,277.0,200,55400.0,GBP,250316,103,003,1.0,55400.0,200.0
2025-03-16,NovaBet,250316102002,102,958.0,249.0,200,49800.0,GBP,250316,102,002,1.0,49800.0,200.0
2025-03-16,NovaBet,250316101001,101,691.0,183.0,200,36600.0,GBP,250316,101,001,1.0,36600.0,200.0
2025-03-15,LuckyEdge,250315303003,303,439.0,81.0,250,20250.0,GBP,250315,303,003,1.0,20250.0,250.0
2025-03-15,LuckyEdge,250315302002,302,922.0,273.0,250,68250.0,GBP,250315,302,002,1.0,68250.0,250.0
2025-03-15,LuckyEdge,250315301001,301,922.0,168.0,250,42000.0,GBP,250315,301,001,1.0,42000.0,250.0
2025-03-15,SpinZone,250315203003,203,715.0,20.0,175,3500.0,EUR,250315,203,003,0.86,3010.0,150.5
2025-03-15,SpinZone,250315202002,202,396.0,101.0,175,17675.0,EUR,250315,202,002,0.86,15200.5,150.5
2025-03-15,SpinZone,250315201001,201,850.0,135.0,175,23625.0,EUR,250315,201,001,0.86,20317.5,150.5
2025-03-15,NovaBet,250315103003,103,126.0,30.0,200,6000.0,GBP,250315,103,003,1.0,6000.0,200.0
2025-03-15,NovaBet,250315102002,102,469.0,39.0,200,7800.0,GBP,250315,102,002,1.0,7800.0,200.0
2025-03-15,NovaBet,250315101001,101,65.0,4.0,200,800.0,GBP,250315,101,001,1.0,800.0,200.0
2025-03-14,LuckyEdge,250314303003,303,982.0,233.0,250,58250.0,GBP,250314,303,003,1.0,58250.0,250.0
2025-03-14,LuckyEdge,250314302002,302,152.0,33.0,250,8250.0,GBP,250314,302,002,1.0,8250.0,250.0
2025-03-14,LuckyEdge,250314301001,301,945.0,225.0,250,56250.0,GBP,250314,301,001,1.0,56250.0,250.0
2025-03-14,SpinZone,250314203003,203,940.0,51.0,175,8925.0,EUR,250314,203,003,0.86,7675.5,150.5
2025-03-14,SpinZone,250314202002,202,654.0,84.0,175,14700.0,EUR,250314,202,002,0.86,12642.0,150.5
2025-03-14,SpinZone,250314201001,201,179.0,32.0,175,5600.0,EUR,250314,201,001,0.86,4816.0,150.5
2025-03-14,NovaBet,250314103003,103,557.0,9.0,200,1800.0,GBP,250314,103,003,1.0,1800.0,200.0
2025-03-14,NovaBet,250314102002,102,445.0,38.0,200,7600.0,GBP,250314,102,002,1.0,7600.0,200.0
2025-03-14,NovaBet,250314101001,101,772.0,195.0,200,39000.0,GBP,250314,101,001,1.0,39000.0,200.0
2025-03-13,LuckyEdge,250313303003,303,375.0,121.0,250,30250.0,GBP,250313,303,003,1.0,30250.0,250.0
2025-03-13,LuckyEdge,250313302002,302,470.0,11.0,250,2750.0,GBP,250313,302,002,1.0,2750.0,250.0
2025-03-13,LuckyEdge,250313301001,301,289.0,99.0,250,24750.0,GBP,250313,301,001,1.0,24750.0,250.0
2025-03-13,SpinZone,250313203003,203,635.0,98.0,175,17150.0,EUR,250313,203,003,0.86,14749.0,150.5
2025-03-13,SpinZone,250313202002,202,764.0,122.0,175,21350.0,EUR,250313,202,002,0.86,18361.0,150.5
2025-03-13,SpinZone,250313201001,201,940.0,96.0,175,16800.0,EUR,250313,201,001,0.86,14448.0,150.5
2025-03-13,NovaBet,250313103003,103,516.0,82.0,200,16400.0,GBP,250313,103,003,1.0,16400.0,200.0
2025-03-13,NovaBet,250313102002,102,390.0,96.0,200,19200.0,GBP,250313,102,002,1.0,19200.0,200.0
2025-03-13,NovaBet,250313101001,101,545.0,88.0,200,17600.0,GBP,250313,101,001,1.0,17600.0,200.0
2025-12-03,LuckyEdge,250312303003,303,507.0,137.0,250,34250.0,GBP,250312,303,003,1.0,34250.0,250.0
2025-12-03,LuckyEdge,250312302002,302,551.0,38.0,250,9500.0,GBP,250312,302,002,1.0,9500.0,250.0
2025-12-03,LuckyEdge,250312301001,301,643.0,168.0,250,42000.0,GBP,250312,301,001,1.0,42000.0,250.0
2025-12-03,SpinZone,250312203003,203,907.0,300.0,175,52500.0,EUR,250312,203,003,0.86,45150.0,150.5
2025-12-03,SpinZone,250312202002,202,793.0,152.0,175,26600.0,EUR,250312,202,002,0.86,22876.0,150.5
2025-12-03,SpinZone,250312201001,201,52.0,9.0,175,1575.0,EUR,250312,201,001,0.86,1354.5,150.5
2025-12-03,NovaBet,250312103003,103,323.0,105.0,200,21000.0,GBP,250312,103,003,1.0,21000.0,200.0
2025-12-03,NovaBet,250312102002,102,398.0,129.0,200,25800.0,GBP,250312,102,002,1.0,25800.0,200.0
2025-12-03,NovaBet,250312101001,101,858.0,212.0,200,42400.0,GBP,250312,101,001,1.0,42400.0,200.0
2025-11-03,LuckyEdge,250311303003,303,332.0,98.0,250,24500.0,GBP,250311,303,003,1.0,24500.0,250.0
2025-11-03,LuckyEdge,250311302002,302,934.0,35.0,250,8750.0,GBP,250311,302,002,1.0,8750.0,250.0
2025-11-03,LuckyEdge,250311301001,301,950.0,69.0,250,17250.0,GBP,250311,301,001,1.0,17250.0,250.0
2025-11-03,SpinZone,250311203003,203,570.0,191.0,175,33425.0,EUR,250311,203,003,0.86,28745.5,150.5
2025-11-03,SpinZone,250311202002,202,245.0,76.0,175,13300.0,EUR,250311,202,002,0.86,11438.0,150.5
2025-11-03,SpinZone,250311201001,201,198.0,49.0,175,8575.0,EUR,250311,201,001,0.86,7374.5,150.5
2025-11-03,NovaBet,250311103003,103,517.0,141.0,200,28200.0,GBP,250311,103,003,1.0,28200.0,200.0
2025-11-03,NovaBet,250311102002,102,533.0,62.0,200,12400.0,GBP,250311,102,002,1.0,12400.0,200.0
2025-11-03,NovaBet,250311101001,101,904.0,247.0,200,49400.0,GBP,250311,101,001,1.0,49400.0,200.0
2025-10-03,LuckyEdge,250310303003,303,329.0,53.0,250,13250.0,GBP,250310,303,003,1.0,13250.0,250.0
2025-10-03,LuckyEdge,250310302002,302,571.0,180.0,250,45000.0,GBP,250310,302,002,1.0,45000.0,250.0
2025-10-03,LuckyEdge,250310301001,301,783.0,149.0,250,37250.0,GBP,250310,301,001,1.0,37250.0,250.0
2025-10-03,LuckyEdge,250310301001,301,783.0,149.0,250,37250.0,GBP,250310,301,001,1.0,37250.0,250.0
2025-10-03,SpinZone,250310203003,203,207.0,63.0,175,11025.0,EUR,250310,203,003,0.86,9481.5,150.5
2025-10-03,SpinZone,250310202002,202,713.0,213.0,175,37275.0,EUR,250310,202,002,0.86,32056.5,150.5
2025-10-03,SpinZone,250310201001,201,522.0,30.0,175,5250.0,EUR,250310,201,001,0.86,4515.0,150.5
2025-10-03,NovaBet,250310103003,103,911.0,58.0,200,11600.0,GBP,250310,103,003,1.0,11600.0,200.0
2025-10-03,NovaBet,250310102002,102,145.0,14.0,200,2800.0,GBP,250310,102,002,1.0,2800.0,200.0
2025-10-03,NovaBet,250310101001,101,615.0,104.0,200,20800.0,GBP,250310,101,001,1.0,20800.0,200.0
2025-09-03,LuckyEdge,250309303003,303,368.0,3.0,250,750.0,GBP,250309,303,003,1.0,750.0,250.0
2025-09-03,LuckyEdge,250309302002,302,776.0,81.0,250,20250.0,GBP,250309,302,002,1.0,20250.0,250.0
2025-09-03,LuckyEdge,250309301001,301,868.0,122.0,250,30500.0,GBP,250309,301,001,1.0,30500.0,250.0
2025-09-03,SpinZone,250309203003,203,695.0,155.0,175,27125.0,EUR,250309,203,003,0.86,23327.5,150.5
2025-09-03,SpinZone,250309202002,202,174.0,1.0,175,175.0,EUR,250309,202,002,0.86,150.5,150.5
2025-09-03,SpinZone,250309201001,201,498.0,124.0,175,21700.0,EUR,250309,201,001,0.86,18662.0,150.5
2025-09-03,NovaBet,250309103003,103,999.0,147.0,200,29400.0,GBP,250309,103,003,1.0,29400.0,200.0
2025-09-03,NovaBet,250309102002,102,612.0,33.0,200,6600.0,GBP,250309,102,002,1.0,6600.0,200.0
2025-09-03,NovaBet,250309101001,101,258.0,34.0,200,6800.0,GBP,250309,101,001,1.0,6800.0,200.0
2025-08-03,LuckyEdge,250308303003,303,828.0,26.0,250,6500.0,GBP,250308,303,003,1.0,6500.0,250.0
2025-08-03,LuckyEdge,250308302002,302,690.0,113.0,250,28250.0,GBP,250308,302,002,1.0,28250.0,250.0
2025-08-03,LuckyEdge,250308301001,301,420.0,127.0,250,31750.0,GBP,250308,301,001,1.0,31750.0,250.0
2025-08-03,SpinZone,250308203003,203,242.0,66.0,175,11550.0,EUR,250308,203,003,0.86,9933.0,150.5
2025-08-03,SpinZone,250308202002,202,473.0,13.0,175,2275.0,EUR,250308,202,002,0.86,1956.5,150.5
2025-08-03,SpinZone,250308201001,201,605.0,118.0,175,20650.0,EUR,250308,201,001,0.86,17759.0,150.5
2025-08-03,NovaBet,250308103003,103,723.0,222.0,200,44400.0,GBP,250308,103,003,1.0,44400.0,200.0
2025-08-03,NovaBet,250308102002,102,894.0,0.0,200,0.0,GBP,250308,102,002,1.0,0.0,200.0
2025-08-03,NovaBet,250308101001,101,463.0,131.0,200,26200.0,GBP,250308,101,001,1.0,26200.0,200.0
2025-07-03,LuckyEdge,250307303003,303,168.0,49.0,250,12250.0,GBP,250307,303,003,1.0,12250.0,250.0
2025-07-03,LuckyEdge,250307302002,302,308.0,41.0,250,10250.0,GBP,250307,302,002,1.0,10250.0,250.0
2025-07-03,LuckyEdge,250307301001,301,140.0,20.0,250,5000.0,GBP,250307,301,001,1.0,5000.0,250.0
2025-07-03,SpinZone,250307203003,203,87.0,14.0,175,2450.0,EUR,250307,203,003,0.86,2107.0,150.5
2025-07-03,SpinZone,250307202002,202,460.0,140.0,175,24500.0,EUR,250307,202,002,0.86,21070.0,150.5
2025-07-03,SpinZone,250307201001,201,345.0,84.0,175,14700.0,EUR,250307,201,001,0.86,12642.0,150.5
2025-07-03,NovaBet,250307103003,103,760.0,253.0,200,50600.0,GBP,250307,103,003,1.0,50600.0,200.0
2025-07-03,NovaBet,250307102002,102,387.0,105.0,200,21000.0,GBP,250307,102,002,1.0,21000.0,200.0
2025-07-03,NovaBet,250307101001,101,928.0,82.0,200,16400.0,GBP,250307,101,001,1.0,16400.0,200.0
2025-06-03,LuckyEdge,250306303003,303,736.0,53.0,250,13250.0,GBP,250306,303,003,1.0,13250.0,250.0
2025-06-03,LuckyEdge,250306302002,302,391.0,82.0,250,20500.0,GBP,250306,302,002,1.0,20500.0,250.0
2025-06-03,LuckyEdge,250306301001,301,406.0,104.0,250,26000.0,GBP,250306,301,001,1.0,26000.0,250.0
2025-06-03,SpinZone,250306203003,203,143.0,30.0,175,5250.0,EUR,250306,203,003,0.86,4515.0,150.5
2025-06-03,SpinZone,250306202002,202,883.0,251.0,175,43925.0,EUR,250306,202,002,0.86,37775.5,150.5
2025-06-03,SpinZone,250306201001,201,496.0,162.0,175,28350.0,EUR,250306,201,001,0.86,24381.0,150.5
2025-06-03,NovaBet,250306103003,103,235.0,74.0,200,14800.0,GBP,250306,103,003,1.0,14800.0,200.0
2025-06-03,NovaBet,250306102002,102,988.0,142.0,200,28400.0,GBP,250306,102,002,1.0,28400.0,200.0
2025-06-03,NovaBet,250306101001,101,717.0,113.0,200,22600.0,GBP,250306,101,001,1.0,22600.0,200.0
2025-05-03,LuckyEdge,250305303003,303,531.0,132.0,250,33000.0,GBP,250305,303,003,1.0,33000.0,250.0
2025-05-03,LuckyEdge,250305302002,302,831.0,89.0,250,22250.0,GBP,250305,302,002,1.0,22250.0,250.0
2025-05-03,LuckyEdge,250305301001,301,640.0,10.0,250,2500.0,GBP,250305,301,001,1.0,2500.0,250.0
2025-05-03,SpinZone,250305203003,203,833.0,137.0,175,23975.0,EUR,250305,203,003,0.86,20618.5,150.5
2025-05-03,SpinZone,250305202002,202,651.0,5.0,175,875.0,EUR,250305,202,002,0.86,752.5,150.5
2025-05-03,SpinZone,250305201001,201,906.0,294.0,175,51450.0,EUR,250305,201,001,0.86,44247.0,150.5
2025-05-03,NovaBet,250305103003,103,284.0,86.0,200,17200.0,GBP,250305,103,003,1.0,17200.0,200.0
2025-05-03,NovaBet,250305102002,102,76.0,2.0,200,400.0,GBP,250305,102,002,1.0,400.0,200.0
2025-05-03,NovaBet,250305101001,101,668.0,64.0,200,12800.0,GBP,250305,101,001,1.0,12800.0,200.0
2025-04-03,LuckyEdge,250304303003,303,802.0,165.0,250,41250.0,GBP,250304,303,003,1.0,41250.0,250.0
2025-04-03,LuckyEdge,250304302002,302,90.0,27.0,250,6750.0,GBP,250304,302,002,1.0,6750.0,250.0
2025-04-03,LuckyEdge,250304301001,301,132.0,38.0,250,9500.0,GBP,250304,301,001,1.0,9500.0,250.0
2025-04-03,SpinZone,250304203003,203,555.0,112.0,175,19600.0,EUR,250304,203,003,0.86,16856.0,150.5
2025-04-03,SpinZone,250304202002,202,562.0,138.0,175,24150.0,EUR,250304,202,002,0.86,20769.0,150.5
2025-04-03,SpinZone,250304201001,201,462.0,69.0,175,12075.0,EUR,250304,201,001,0.86,10384.5,150.5
2025-04-03,NovaBet,250304103003,103,361.0,89.0,200,17800.0,GBP,250304,103,003,1.0,17800.0,200.0
2025-04-03,NovaBet,250304102002,102,529.0,176.0,200,35200.0,GBP,250304,102,002,1.0,35200.0,200.0
2025-04-03,NovaBet,250304101001,101,499.0,31.0,200,6200.0,GBP,250304,101,001,1.0,6200.0,200.0
2025-03-03,LuckyEdge,250303303003,303,993.0,147.0,250,36750.0,GBP,250303,303,003,1.0,36750.0,250.0
2025-03-03,LuckyEdge,250303302002,302,894.0,291.0,250,72750.0,GBP,250303,302,002,1.0,72750.0,250.0
2025-03-03,LuckyEdge,250303301001,301,659.0,191.0,250,47750.0,GBP,250303,301,001,1.0,47750.0,250.0
2025-03-03,SpinZone,250303203003,203,219.0,39.0,175,6825.0,EUR,250303,203,003,0.86,5869.5,150.5
2025-03-03,SpinZone,250303202002,202,123.0,3.0,175,525.0,EUR,250303,202,002,0.86,451.5,150.5
2025-03-03,SpinZone,250303201001,201,896.0,72.0,175,12600.0,EUR,250303,201,001,0.86,10836.0,150.5
2025-03-03,NovaBet,250303103003,103,980.0,136.0,200,27200.0,GBP,250303,103,003,1.0,27200.0,200.0
2025-03-03,NovaBet,250303102002,102,713.0,38.0,200,7600.0,GBP,250303,102,002,1.0,7600.0,200.0
2025-03-03,NovaBet,250303101001,101,607.0,57.0,200,11400.0,GBP,250303,101,001,1.0,11400.0,200.0
2025-02-03,LuckyEdge,250302303003,303,485.0,29.0,250,7250.0,GBP,250302,303,003,1.0,7250.0,250.0
2025-02-03,LuckyEdge,250302302002,302,856.0,101.0,250,25250.0,GBP,250302,302,002,1.0,25250.0,250.0
2025-02-03,LuckyEdge,250302301001,301,996.0,135.0,250,33750.0,GBP,250302,301,001,1.0,33750.0,250.0
2025-02-03,SpinZone,250302203003,203,122.0,14.0,175,2450.0,EUR,250302,203,003,0.86,2107.0,150.5
2025-02-03,SpinZone,250302202002,202,769.0,232.0,175,40600.0,EUR,250302,202,002,0.86,34916.0,150.5
2025-02-03,SpinZone,250302201001,201,773.0,144.0,175,25200.0,EUR,250302,201,001,0.86,21672.0,150.5
2025-02-03,NovaBet,250302103003,103,287.0,36.0,200,7200.0,GBP,250302,103,003,1.0,7200.0,200.0
2025-02-03,NovaBet,250302102002,102,348.0,4.0,200,800.0,GBP,250302,102,002,1.0,800.0,200.0
2025-02-03,NovaBet,250302101001,101,658.0,120.0,200,24000.0,GBP,250302,101,001,1.0,24000.0,200.0
2025-01-03,LuckyEdge,250301303003,303,511.0,176.0,250,44000.0,GBP,250301,303,003,1.0,44000.0,250.0
2025-01-03,LuckyEdge,250301302002,302,52.0,13.0,250,3250.0,GBP,250301,302,002,1.0,3250.0,250.0
2025-01-03,LuckyEdge,250301301001,301,126.0,10.0,250,2500.0,GBP,250301,301,001,1.0,2500.0,250.0
2025-01-03,SpinZone,250301203003,203,227.0,70.0,175,12250.0,EUR,250301,203,003,0.86,10535.0,150.5
2025-01-03,SpinZone,250301202002,202,210.0,30.0,175,5250.0,EUR,250301,202,002,0.86,4515.0,150.5
2025-01-03,SpinZone,250301201001,201,726.0,20.0,175,3500.0,EUR,250301,201,001,0.86,3010.0,150.5
2025-01-03,NovaBet,250301103003,103,266.0,33.0,200,6600.0,GBP,250301,103,003,1.0,6600.0,200.0
2025-01-03,NovaBet,250301102002,102,262.0,80.0,200,16000.0,GBP,250301,102,002,1.0,16000.0,200.0
2025-01-03,NovaBet,250301101001,101,151.0,48.0,200,9600.0,GBP,250301,101,001,1.0,9600.0,200.0
2025-02-28,LuckyEdge,250228303003,303,674.0,189.0,250,47250.0,GBP,250228,303,003,1.0,47250.0,250.0
2025-02-28,LuckyEdge,250228302002,302,685.0,15.0,250,3750.0,GBP,250228,302,002,1.0,3750.0,250.0
2025-02-28,LuckyEdge,250228301001,301,362.0,72.0,250,18000.0,GBP,250228,301,001,1.0,18000.0,250.0
2025-02-28,SpinZone,250228203003,203,652.0,109.0,175,19075.0,EUR,250228,203,003,0.86,16404.5,150.5
2025-02-28,SpinZone,250228202002,202,354.0,110.0,175,19250.0,EUR,250228,202,002,0.86,16555.0,150.5
2025-02-28,SpinZone,250228201001,201,980.0,226.0,175,39550.0,EUR,250228,201,001,0.86,34013.0,150.5
2025-02-28,NovaBet,250228103003,103,439.0,115.0,200,23000.0,GBP,250228,103,003,1.0,23000.0,200.0
2025-02-28,NovaBet,250228102002,102,844.0,267.0,200,53400.0,GBP,250228,102,002,1.0,53400.0,200.0
2025-02-28,NovaBet,250228101001,101,683.0,57.0,200,11400.0,GBP,250228,101,001,1.0,11400.0,200.0
2025-02-27,LuckyEdge,250227303003,303,660.0,202.0,250,50500.0,GBP,250227,303,003,1.0,50500.0,250.0
2025-02-27,LuckyEdge,250227302002,302,476.0,155.0,250,38750.0,GBP,250227,302,002,1.0,38750.0,250.0
2025-02-27,LuckyEdge,250227301001,301,621.0,195.0,250,48750.0,GBP,250227,301,001,1.0,48750.0,250.0
2025-02-27,SpinZone,250227203003,203,304.0,15.0,175,2625.0,EUR,250227,203,003,0.86,2257.5,150.5
2025-02-27,SpinZone,250227202002,202,361.0,10.0,175,1750.0,EUR,250227,202,002,0.86,1505.0,150.5
2025-02-27,SpinZone,250227201001,201,880.0,288.0,175,50400.0,EUR,250227,201,001,0.86,43344.0,150.5
2025-02-27,NovaBet,250227103003,103,205.0,19.0,200,3800.0,GBP,250227,103,003,1.0,3800.0,200.0
2025-02-27,NovaBet,250227102002,102,752.0,27.0,200,5400.0,GBP,250227,102,002,1.0,5400.0,200.0
2025-02-27,NovaBet,250227101001,101,640.0,161.0,200,32200.0,GBP,250227,101,001,1.0,32200.0,200.0
2025-02-26,LuckyEdge,250226303003,303,553.0,18.0,250,4500.0,GBP,250226,303,003,1.0,4500.0,250.0
2025-02-26,LuckyEdge,250226302002,302,116.0,25.0,250,6250.0,GBP,250226,302,002,1.0,6250.0,250.0
2025-02-26,LuckyEdge,250226301001,301,166.0,52.0,250,13000.0,GBP,250226,301,001,1.0,13000.0,250.0
2025-02-26,SpinZone,250226203003,203,308.0,61.0,175,10675.0,EUR,250226,203,003,0.86,9180.5,150.5
2025-02-26,SpinZone,250226202002,202,238.0,6.0,175,1050.0,EUR,250226,202,002,0.86,903.0,150.5
2025-02-26,SpinZone,250226201001,201,501.0,87.0,175,15225.0,EUR,250226,201,001,0.86,13093.5,150.5
2025-02-26,NovaBet,250226103003,103,530.0,122.0,200,24400.0,GBP,250226,103,003,1.0,24400.0,200.0
2025-02-26,NovaBet,250226102002,102,637.0,72.0,200,14400.0,GBP,250226,102,002,1.0,14400.0,200.0
2025-02-26,NovaBet,250226101001,101,155.0,0.0,200,0.0,GBP,250226,101,001,1.0,0.0,200.0
2025-02-25,LuckyEdge,250225303003,303,939.0,251.0,250,62750.0,GBP,250225,303,003,1.0,62750.0,250.0
2025-02-25,LuckyEdge,250225302002,302,179.0,40.0,250,10000.0,GBP,250225,302,002,1.0,10000.0,250.0
2025-02-25,LuckyEdge,250225301001,301,349.0,89.0,250,22250.0,GBP,250225,301,001,1.0,22250.0,250.0
2025-02-25,SpinZone,250225203003,203,105.0,35.0,175,6125.0,EUR,250225,203,003,0.86,5267.5,150.5
2025-02-25,SpinZone,250225202002,202,330.0,5.0,175,875.0,EUR,250225,202,002,0.86,752.5,150.5
2025-02-25,SpinZone,250225201001,201,775.0,64.0,175,11200.0,EUR,250225,201,001,0.86,9632.0,150.5
2025-02-25,NovaBet,250225103003,103,359.0,1.0,200,200.0,GBP,250225,103,003,1.0,200.0,200.0
2025-02-25,NovaBet,250225102002,102,419.0,45.0,200,9000.0,GBP,250225,102,002,1.0,9000.0,200.0
2025-02-25,NovaBet,250225101001,101,353.0,29.0,200,5800.0,GBP,250225,101,001,1.0,5800.0,200.0
2025-02-24,LuckyEdge,250224303003,303,902.0,99.0,250,24750.0,GBP,250224,303,003,1.0,24750.0,250.0
2025-02-24,LuckyEdge,250224302002,302,339.0,12.0,250,3000.0,GBP,250224,302,002,1.0,3000.0,250.0
2025-02-24,LuckyEdge,250224301001,301,587.0,152.0,250,38000.0,GBP,250224,301,001,1.0,38000.0,250.0
2025-02-24,SpinZone,250224203003,203,653.0,194.0,175,33950.0,EUR,250224,203,003,0.86,29197.0,150.5
2025-02-24,SpinZone,250224202002,202,333.0,92.0,175,16100.0,EUR,250224,202,002,0.86,13846.0,150.5
2025-02-24,SpinZone,250224201001,201,806.0,247.0,175,43225.0,EUR,250224,201,001,0.86,37173.5,150.5
2025-02-24,NovaBet,250224103003,103,246.0,27.0,200,5400.0,GBP,250224,103,003,1.0,5400.0,200.0
2025-02-24,NovaBet,250224102002,102,756.0,94.0,200,18800.0,GBP,250224,102,002,1.0,18800.0,200.0
2025-02-24,NovaBet,250224101001,101,598.0,195.0,200,39000.0,GBP,250224,101,001,1.0,39000.0,200.0
2025-02-23,LuckyEdge,250223303003,303,172.0,47.0,250,11750.0,GBP,250223,303,003,1.0,11750.0,250.0
2025-02-23,LuckyEdge,250223302002,302,247.0,40.0,250,10000.0,GBP,250223,302,002,1.0,10000.0,250.0
2025-02-23,LuckyEdge,250223301001,301,173.0,46.0,250,11500.0,GBP,250223,301,001,1.0,11500.0,250.0
2025-02-23,SpinZone,250223203003,203,307.0,29.0,175,5075.0,EUR,250223,203,003,0.86,4364.5,150.5
2025-02-23,SpinZone,250223202002,202,327.0,39.0,175,6825.0,EUR,250223,202,002,0.86,5869.5,150.5
2025-02-23,SpinZone,250223201001,201,769.0,232.0,175,40600.0,EUR,250223,201,001,0.86,34916.0,150.5
2025-02-23,NovaBet,250223103003,103,388.0,90.0,200,18000.0,GBP,250223,103,003,1.0,18000.0,200.0
2025-02-23,NovaBet,250223102002,102,485.0,140.0,200,28000.0,GBP,250223,102,002,1.0,28000.0,200.0
2025-02-23,NovaBet,250223101001,101,593.0,88.0,200,17600.0,GBP,250223,101,001,1.0,17600.0,200.0
2025-02-22,LuckyEdge,250222303003,303,534.0,141.0,250,35250.0,GBP,250222,303,003,1.0,35250.0,250.0
2025-02-22,LuckyEdge,250222302002,302,363.0,94.0,250,23500.0,GBP,250222,302,002,1.0,23500.0,250.0
2025-02-22,LuckyEdge,250222301001,301,758.0,124.0,250,31000.0,GBP,250222,301,001,1.0,31000.0,250.0
2025-02-22,SpinZone,250222203003,203,276.0,51.0,175,8925.0,EUR,250222,203,003,0.86,7675.5,150.5
2025-02-22,SpinZone,250222202002,202,145.0,18.0,175,3150.0,EUR,250222,202,002,0.86,2709.0,150.5
2025-02-22,SpinZone,250222201001,201,-8.0,0.0,175,0.0,EUR,250222,201,001,0.86,0.0,150.5
2025-02-22,NovaBet,250222103003,103,552.0,114.0,200,22800.0,GBP,250222,103,003,1.0,22800.0,200.0
2025-02-22,NovaBet,250222102002,102,711.0,182.0,200,36400.0,GBP,250222,102,002,1.0,36400.0,200.0
2025-02-22,NovaBet,250222101001,101,757.0,243.0,200,48600.0,GBP,250222,101,001,1.0,48600.0,200.0
2025-02-21,LuckyEdge,250221303003,303,826.0,123.0,250,30750.0,GBP,250221,303,003,1.0,30750.0,250.0
2025-02-21,LuckyEdge,250221302002,302,550.0,142.0,250,35500.0,GBP,250221,302,002,1.0,35500.0,250.0
2025-02-21,LuckyEdge,250221301001,301,787.0,208.0,250,52000.0,GBP,250221,301,001,1.0,52000.0,250.0
2025-02-21,SpinZone,250221203003,203,137.0,15.0,175,2625.0,EUR,250221,203,003,0.86,2257.5,150.5
2025-02-21,SpinZone,250221202002,202,579.0,48.0,175,8400.0,EUR,250221,202,002,0.86,7224.0,150.5
2025-02-21,SpinZone,250221201001,201,619.0,2.0,175,350.0,EUR,250221,201,001,0.86,301.0,150.5
2025-02-21,NovaBet,250221103003,103,951.0,141.0,200,28200.0,GBP,250221,103,003,1.0,28200.0,200.0
2025-02-21,NovaBet,250221102002,102,398.0,71.0,200,14200.0,GBP,250221,102,002,1.0,14200.0,200.0
2025-02-21,NovaBet,250221101001,101,866.0,132.0,200,26400.0,GBP,250221,101,001,1.0,26400.0,200.0
2025-02-20,LuckyEdge,250220303003,303,267.0,45.0,250,11250.0,GBP,250220,303,003,1.0,11250.0,250.0
2025-02-20,LuckyEdge,250220302002,302,236.0,62.0,250,15500.0,GBP,250220,302,002,1.0,15500.0,250.0
2025-02-20,LuckyEdge,250220301001,301,556.0,83.0,250,20750.0,GBP,250220,301,001,1.0,20750.0,250.0
2025-02-20,SpinZone,250220203003,203,394.0,7.0,175,1225.0,EUR,250220,203,003,0.86,1053.5,150.5
2025-02-20,SpinZone,250220202002,202,734.0,194.0,175,33950.0,EUR,250220,202,002,0.86,29197.0,150.5
2025-02-20,SpinZone,250220201001,201,633.0,156.0,175,27300.0,EUR,250220,201,001,0.86,23478.0,150.5
2025-02-20,NovaBet,250220103003,103,818.0,237.0,200,47400.0,GBP,250220,103,003,1.0,47400.0,200.0
2025-02-20,NovaBet,250220102002,102,511.0,62.0,200,12400.0,GBP,250220,102,002,1.0,12400.0,200.0
2025-02-20,NovaBet,250220101001,101,335.0,112.0,200,22400.0,GBP,250220,101,001,1.0,22400.0,200.0
2025-02-19,LuckyEdge,250219303003,303,900.0,44.0,250,11000.0,GBP,250219,303,003,1.0,11000.0,250.0
2025-02-19,LuckyEdge,250219302002,302,380.0,62.0,250,15500.0,GBP,250219,302,002,1.0,15500.0,250.0
2025-02-19,LuckyEdge,250219301001,301,895.0,137.0,250,34250.0,GBP,250219,301,001,1.0,34250.0,250.0
2025-02-19,SpinZone,250219203003,203,526.0,111.0,175,19425.0,EUR,250219,203,003,0.86,16705.5,150.5
2025-02-19,SpinZone,250219202002,202,843.0,247.0,175,43225.0,EUR,250219,202,002,0.86,37173.5,150.5
2025-02-19,SpinZone,250219201001,201,991.0,275.0,175,48125.0,EUR,250219,201,001,0.86,41387.5,150.5
2025-02-19,NovaBet,250219103003,103,680.0,206.0,200,41200.0,GBP,250219,103,003,1.0,41200.0,200.0
2025-02-19,NovaBet,250219102002,102,716.0,69.0,200,13800.0,GBP,250219,102,002,1.0,13800.0,200.0
2025-02-19,NovaBet,250219101001,101,801.0,267.0,200,53400.0,GBP,250219,101,001,1.0,53400.0,200.0
2025-02-18,LuckyEdge,250218303003,303,495.0,45.0,250,11250.0,GBP,250218,303,003,1.0,11250.0,250.0
2025-02-18,LuckyEdge,250218302002,302,774.0,78.0,250,19500.0,GBP,250218,302,002,1.0,19500.0,250.0
2025-02-18,LuckyEdge,250218301001,301,420.0,117.0,250,29250.0,GBP,250218,301,001,1.0,29250.0,250.0
2025-02-18,SpinZone,250218203003,203,158.0,27.0,175,4725.0,EUR,250218,203,003,0.86,4063.5,150.5
2025-02-18,SpinZone,250218202002,202,892.0,250.0,175,43750.0,EUR,250218,202,002,0.86,37625.0,150.5
2025-02-18,SpinZone,250218201001,201,919.0,215.0,175,37625.0,EUR,250218,201,001,0.86,32357.5,150.5
2025-02-18,NovaBet,250218103003,103,399.0,3.0,200,600.0,GBP,250218,103,003,1.0,600.0,200.0
2025-02-18,NovaBet,250218102002,102,-47.0,0.0,200,0.0,GBP,250218,102,002,1.0,0.0,200.0
2025-02-18,NovaBet,250218101001,101,429.0,17.0,200,3400.0,GBP,250218,101,001,1.0,3400.0,200.0
2025-02-17,LuckyEdge,250217303003,303,488.0,169.0,250,42250.0,GBP,250217,303,003,1.0,42250.0,250.0
2025-02-17,LuckyEdge,250217302002,302,405.0,136.0,250,34000.0,GBP,250217,302,002,1.0,34000.0,250.0
2025-02-17,LuckyEdge,250217301001,301,851.0,21.0,250,5250.0,GBP,250217,301,001,1.0,5250.0,250.0
2025-02-17,SpinZone,250217203003,203,865.0,289.0,175,50575.0,EUR,250217,203,003,0.86,43494.5,150.5
2025-02-17,SpinZone,250217202002,202,920.0,61.0,175,10675.0,EUR,250217,202,002,0.86,9180.5,150.5
2025-02-17,SpinZone,250217201001,201,841.0,154.0,175,26950.0,EUR,250217,201,001,0.86,23177.0,150.5
2025-02-17,NovaBet,250217103003,103,154.0,44.0,200,8800.0,GBP,250217,103,003,1.0,8800.0,200.0
2025-02-17,NovaBet,250217102002,102,757.0,124.0,200,24800.0,GBP,250217,102,002,1.0,24800.0,200.0
2025-02-17,NovaBet,250217101001,101,127.0,37.0,200,7400.0,GBP,250217,101,001,1.0,7400.0,200.0
2025-02-16,LuckyEdge,250216303003,303,456.0,50.0,250,12500.0,GBP,250216,303,003,1.0,12500.0,250.0
2025-02-16,LuckyEdge,250216302002,302,369.0,96.0,250,24000.0,GBP,250216,302,002,1.0,24000.0,250.0
2025-02-16,LuckyEdge,250216301001,301,642.0,6.0,250,1500.0,GBP,250216,301,001,1.0,1500.0,250.0
2025-02-16,SpinZone,250216203003,203,368.0,27.0,175,4725.0,EUR,250216,203,003,0.86,4063.5,150.5
2025-02-16,SpinZone,250216202002,202,846.0,83.0,175,14525.0,EUR,250216,202,002,0.86,12491.5,150.5
2025-02-16,SpinZone,250216201001,201,785.0,58.0,175,10150.0,EUR,250216,201,001,0.86,8729.0,150.5
2025-02-16,NovaBet,250216103003,103,671.0,191.0,200,38200.0,GBP,250216,103,003,1.0,38200.0,200.0
2025-02-16,NovaBet,250216102002,102,221.0,77.0,200,15400.0,GBP,250216,102,002,1.0,15400.0,200.0
2025-02-16,NovaBet,250216101001,101,835.0,188.0,200,37600.0,GBP,250216,101,001,1.0,37600.0,200.0
2025-02-15,LuckyEdge,250215303003,303,766.0,131.0,250,32750.0,GBP,250215,303,003,1.0,32750.0,250.0
2025-02-15,LuckyEdge,250215302002,302,273.0,59.0,250,14750.0,GBP,250215,302,002,1.0,14750.0,250.0
2025-02-15,LuckyEdge,250215301001,301,167.0,36.0,250,9000.0,GBP,250215,301,001,1.0,9000.0,250.0
2025-02-15,SpinZone,250215203003,203,534.0,171.0,175,29925.0,EUR,250215,203,003,0.86,25735.5,150.5
2025-02-15,SpinZone,250215202002,202,294.0,16.0,175,2800.0,EUR,250215,202,002,0.86,2408.0,150.5
2025-02-15,SpinZone,250215201001,201,686.0,39.0,175,6825.0,EUR,250215,201,001,0.86,5869.5,150.5
2025-02-15,NovaBet,250215103003,103,909.0,10.0,200,2000.0,GBP,250215,103,003,1.0,2000.0,200.0
2025-02-15,NovaBet,250215102002,102,303.0,25.0,200,5000.0,GBP,250215,102,002,1.0,5000.0,200.0
2025-02-15,NovaBet,250215101001,101,822.0,15.0,200,3000.0,GBP,250215,101,001,1.0,3000.0,200.0
2025-02-14,LuckyEdge,250214303003,303,849.0,20.0,250,5000.0,GBP,250214,303,003,1.0,5000.0,250.0
2025-02-14,LuckyEdge,250214302002,302,715.0,17.0,250,4250.0,GBP,250214,302,002,1.0,4250.0,250.0
2025-02-14,LuckyEdge,250214301001,301,408.0,57.0,250,14250.0,GBP,250214,301,001,1.0,14250.0,250.0
2025-02-14,SpinZone,250214203003,203,602.0,13.0,175,2275.0,EUR,250214,203,003,0.86,1956.5,150.5
2025-02-14,SpinZone,250214202002,202,8.0,312.0,175,54600.0,EUR,250214,202,002,0.86,46956.0,150.5
2025-02-14,SpinZone,250214201001,201,133.0,30.0,175,5250.0,EUR,250214,201,001,0.86,4515.0,150.5
2025-02-14,NovaBet,250214103003,103,308.0,106.0,200,21200.0,GBP,250214,103,003,1.0,21200.0,200.0
2025-02-14,NovaBet,250214102002,102,901.0,215.0,200,43000.0,GBP,250214,102,002,1.0,43000.0,200.0
2025-02-14,NovaBet,250214101001,101,334.0,96.0,200,19200.0,GBP,250214,101,001,1.0,19200.0,200.0
2025-02-13,LuckyEdge,250213303003,303,395.0,97.0,250,24250.0,GBP,250213,303,003,1.0,24250.0,250.0
2025-02-13,LuckyEdge,250213302002,302,515.0,83.0,250,20750.0,GBP,250213,302,002,1.0,20750.0,250.0
2025-02-13,LuckyEdge,250213301001,301,385.0,54.0,250,13500.0,GBP,250213,301,001,1.0,13500.0,250.0
2025-02-13,SpinZone,250213203003,203,316.0,48.0,175,8400.0,EUR,250213,203,003,0.86,7224.0,150.5
2025-02-13,SpinZone,250213202002,202,236.0,6.0,175,1050.0,EUR,250213,202,002,0.86,903.0,150.5
2025-02-13,SpinZone,250213201001,201,937.0,236.0,175,41300.0,EUR,250213,201,001,0.86,35518.0,150.5
2025-02-13,NovaBet,250213103003,103,488.0,34.0,200,6800.0,GBP,250213,103,003,1.0,6800.0,200.0
2025-02-13,NovaBet,250213102002,102,135.0,41.0,200,8200.0,GBP,250213,102,002,1.0,8200.0,200.0
2025-02-13,NovaBet,250213101001,101,728.0,6.0,200,1200.0,GBP,250213,101,001,1.0,1200.0,200.0
2025-02-12,LuckyEdge,250212303003,303,656.0,144.0,250,36000.0,GBP,250212,303,003,1.0,36000.0,250.0
2025-02-12,LuckyEdge,250212302002,302,-114.0,0.0,250,0.0,GBP,250212,302,002,1.0,0.0,250.0
2025-02-12,LuckyEdge,250212301001,301,687.0,136.0,250,34000.0,GBP,250212,301,001,1.0,34000.0,250.0
2025-02-12,SpinZone,250212203003,203,991.0,65.0,175,11375.0,EUR,250212,203,003,0.86,9782.5,150.5
2025-02-12,SpinZone,250212202002,202,910.0,239.0,175,41825.0,EUR,250212,202,002,0.86,35969.5,150.5
2025-02-12,SpinZone,250212201001,201,791.0,84.0,175,14700.0,EUR,250212,201,001,0.86,12642.0,150.5
2025-02-12,NovaBet,250212103003,103,734.0,207.0,200,41400.0,GBP,250212,103,003,1.0,41400.0,200.0
2025-02-12,NovaBet,250212102002,102,448.0,86.0,200,17200.0,GBP,250212,102,002,1.0,17200.0,200.0
2025-02-12,NovaBet,250212101001,101,547.0,7.0,200,1400.0,GBP,250212,101,001,1.0,1400.0,200.0
2025-02-11,LuckyEdge,250211303003,303,329.0,55.0,250,13750.0,GBP,250211,303,003,1.0,13750.0,250.0
2025-02-11,LuckyEdge,250211302002,302,549.0,56.0,250,14000.0,GBP,250211,302,002,1.0,14000.0,250.0
2025-02-11,LuckyEdge,250211301001,301,869.0,112.0,250,28000.0,GBP,250211,301,001,1.0,28000.0,250.0
2025-02-11,SpinZone,250211203003,203,802.0,279.0,175,48825.0,EUR,250211,203,003,0.86,41989.5,150.5
2025-02-11,SpinZone,250211202002,202,601.0,191.0,175,33425.0,EUR,250211,202,002,0.86,28745.5,150.5
2025-02-11,NovaBet,250211103003,103,355.0,96.0,200,19200.0,GBP,250211,103,003,1.0,19200.0,200.0
2025-02-11,NovaBet,250211102002,102,56.0,11.0,200,2200.0,GBP,250211,102,002,1.0,2200.0,200.0
2025-02-11,NovaBet,250211101001,101,439.0,122.0,200,24400.0,GBP,250211,101,001,1.0,24400.0,200.0
2025-02-10,LuckyEdge,250210302002,302,762.0,10.0,250,2500.0,GBP,250210,302,002,1.0,2500.0,250.0
2025-02-10,LuckyEdge,250210301001,301,448.0,149.0,250,37250.0,GBP,250210,301,001,1.0,37250.0,250.0
2025-02-10,SpinZone,250210203003,203,261.0,53.0,175,9275.0,EUR,250210,203,003,0.86,7976.5,150.5
2025-02-10,SpinZone,250210202002,202,475.0,15.0,175,2625.0,EUR,250210,202,002,0.86,2257.5,150.5
2025-02-10,SpinZone,250210201001,201,605.0,119.0,175,20825.0,EUR,250210,201,001,0.86,17909.5,150.5
2025-02-10,NovaBet,250210103003,103,467.0,84.0,200,16800.0,GBP,250210,103,003,1.0,16800.0,200.0
2025-02-10,NovaBet,250210102002,102,115.0,26.0,200,5200.0,GBP,250210,102,002,1.0,5200.0,200.0
2025-02-09,LuckyEdge,250209303003,303,442.0,39.0,250,9750.0,GBP,250209,303,003,1.0,9750.0,250.0
2025-02-09,LuckyEdge,250209302002,302,204.0,29.0,250,7250.0,GBP,250209,302,002,1.0,7250.0,250.0
2025-02-09,LuckyEdge,250209301001,301,132.0,8.0,250,2000.0,GBP,250209,301,001,1.0,2000.0,250.0
2025-02-09,SpinZone,250209203003,203,964.0,276.0,175,48300.0,EUR,250209,203,003,0.86,41538.0,150.5
2025-02-09,SpinZone,250209202002,202,393.0,81.0,175,14175.0,EUR,250209,202,002,0.86,12190.5,150.5
2025-02-09,SpinZone,250209201001,201,290.0,34.0,175,5950.0,EUR,250209,201,001,0.86,5117.0,150.5
2025-02-09,NovaBet,250209103003,103,780.0,146.0,200,29200.0,GBP,250209,103,003,1.0,29200.0,200.0
2025-02-09,NovaBet,250209102002,102,500.0,19.0,200,3800.0,GBP,250209,102,002,1.0,3800.0,200.0
2025-02-09,NovaBet,250209101001,101,294.0,35.0,200,7000.0,GBP,250209,101,001,1.0,7000.0,200.0
2025-02-08,LuckyEdge,250208303003,303,546.0,160.0,250,40000.0,GBP,250208,303,003,1.0,40000.0,250.0
2025-02-08,LuckyEdge,250208302002,302,834.0,266.0,250,66500.0,GBP,250208,302,002,1.0,66500.0,250.0
2025-02-08,LuckyEdge,250208301001,301,910.0,141.0,250,35250.0,GBP,250208,301,001,1.0,35250.0,250.0
2025-02-08,SpinZone,250208203003,203,819.0,126.0,175,22050.0,EUR,250208,203,003,0.86,18963.0,150.5
2025-02-08,SpinZone,250208202002,202,510.0,66.0,175,11550.0,EUR,250208,202,002,0.86,9933.0,150.5
2025-02-08,SpinZone,250208201001,201,811.0,243.0,175,42525.0,EUR,250208,201,001,0.86,36571.5,150.5
2025-02-08,NovaBet,250208103003,103,506.0,40.0,200,8000.0,GBP,250208,103,003,1.0,8000.0,200.0
2025-02-08,NovaBet,250208102002,102,486.0,140.0,200,28000.0,GBP,250208,102,002,1.0,28000.0,200.0
2025-02-08,NovaBet,250208101001,101,786.0,258.0,200,51600.0,GBP,250208,101,001,1.0,51600.0,200.0
2025-02-07,LuckyEdge,250207303003,303,677.0,208.0,250,52000.0,GBP,250207,303,003,1.0,52000.0,250.0
2025-02-07,LuckyEdge,250207302002,302,823.0,226.0,250,56500.0,GBP,250207,302,002,1.0,56500.0,250.0
2025-02-07,LuckyEdge,250207301001,301,733.0,162.0,250,40500.0,GBP,250207,301,001,1.0,40500.0,250.0
2025-02-07,SpinZone,250207203003,203,-5.0,0.0,175,0.0,EUR,250207,203,003,0.86,0.0,150.5
2025-02-07,SpinZone,250207202002,202,517.0,34.0,175,5950.0,EUR,250207,202,002,0.86,5117.0,150.5
2025-02-07,SpinZone,250207201001,201,989.0,62.0,175,10850.0,EUR,250207,201,001,0.86,9331.0,150.5
2025-02-07,NovaBet,250207103003,103,620.0,63.0,200,12600.0,GBP,250207,103,003,1.0,12600.0,200.0
2025-02-07,NovaBet,250207102002,102,525.0,12.0,200,2400.0,GBP,250207,102,002,1.0,2400.0,200.0
2025-02-07,NovaBet,250207101001,101,873.0,265.0,200,53000.0,GBP,250207,101,001,1.0,53000.0,200.0
2025-02-06,LuckyEdge,250206303003,303,274.0,22.0,250,5500.0,GBP,250206,303,003,1.0,5500.0,250.0
2025-02-06,LuckyEdge,250206302002,302,847.0,217.0,250,54250.0,GBP,250206,302,002,1.0,54250.0,250.0
2025-02-06,LuckyEdge,250206301001,301,55.0,3.0,250,750.0,GBP,250206,301,001,1.0,750.0,250.0
2025-02-06,SpinZone,250206203003,203,721.0,176.0,175,30800.0,EUR,250206,203,003,0.86,26488.0,150.5
2025-02-06,SpinZone,250206202002,202,299.0,18.0,175,3150.0,EUR,250206,202,002,0.86,2709.0,150.5
2025-02-06,SpinZone,250206201001,201,556.0,102.0,175,17850.0,EUR,250206,201,001,0.86,15351.0,150.5
2025-02-06,NovaBet,250206103003,103,249.0,49.0,200,9800.0,GBP,250206,103,003,1.0,9800.0,200.0
2025-02-06,NovaBet,250206102002,102,957.0,294.0,200,58800.0,GBP,250206,102,002,1.0,58800.0,200.0
2025-02-06,NovaBet,250206101001,101,516.0,106.0,200,21200.0,GBP,250206,101,001,1.0,21200.0,200.0
2025-02-05,LuckyEdge,250205303003,303,920.0,37.0,250,9250.0,GBP,250205,303,003,1.0,9250.0,250.0
2025-02-05,LuckyEdge,250205302002,302,536.0,156.0,250,39000.0,GBP,250205,302,002,1.0,39000.0,250.0
2025-02-05,LuckyEdge,250205301001,301,97.0,15.0,250,3750.0,GBP,250205,301,001,1.0,3750.0,250.0
2025-02-05,SpinZone,250205203003,203,200.0,3.0,175,525.0,EUR,250205,203,003,0.86,451.5,150.5
2025-02-05,SpinZone,250205202002,202,875.0,101.0,175,17675.0,EUR,250205,202,002,0.86,15200.5,150.5
2025-02-05,SpinZone,250205201001,201,367.0,57.0,175,9975.0,EUR,250205,201,001,0.86,8578.5,150.5
2025-02-05,NovaBet,250205103003,103,290.0,86.0,200,17200.0,GBP,250205,103,003,1.0,17200.0,200.0
2025-02-05,NovaBet,250205102002,102,145.0,48.0,200,9600.0,GBP,250205,102,002,1.0,9600.0,200.0
2025-02-05,NovaBet,250205101001,101,729.0,171.0,200,34200.0,GBP,250205,101,001,1.0,34200.0,200.0
2025-02-04,LuckyEdge,250204303003,303,340.0,65.0,250,16250.0,GBP,250204,303,003,1.0,16250.0,250.0
2025-02-04,LuckyEdge,250204302002,302,724.0,21.0,250,5250.0,GBP,250204,302,002,1.0,5250.0,250.0
2025-02-04,LuckyEdge,250204301001,301,862.0,86.0,250,21500.0,GBP,250204,301,001,1.0,21500.0,250.0
2025-02-04,SpinZone,250204203003,203,573.0,121.0,175,21175.0,EUR,250204,203,003,0.86,18210.5,150.5
2025-02-04,SpinZone,250204202002,202,741.0,109.0,175,19075.0,EUR,250204,202,002,0.86,16404.5,150.5
2025-02-04,SpinZone,250204201001,201,502.0,113.0,175,19775.0,EUR,250204,201,001,0.86,17006.5,150.5
2025-02-04,NovaBet,250204103003,103,379.0,119.0,200,23800.0,GBP,250204,103,003,1.0,23800.0,200.0
2025-02-04,NovaBet,250204102002,102,671.0,167.0,200,33400.0,GBP,250204,102,002,1.0,33400.0,200.0
2025-02-04,NovaBet,250204101001,101,490.0,148.0,200,29600.0,GBP,250204,101,001,1.0,29600.0,200.0
2025-02-03,LuckyEdge,250203303003,303,343.0,26.0,250,6500.0,GBP,250203,303,003,1.0,6500.0,250.0
2025-02-03,LuckyEdge,250203302002,302,50.0,9.0,250,2250.0,GBP,250203,302,002,1.0,2250.0,250.0
2025-02-03,LuckyEdge,250203301001,301,611.0,213.0,250,53250.0,GBP,250203,301,001,1.0,53250.0,250.0
2025-02-03,SpinZone,250203203003,203,358.0,51.0,175,8925.0,EUR,250203,203,003,0.86,7675.5,150.5
2025-02-03,SpinZone,250203202002,202,680.0,145.0,175,25375.0,EUR,250203,202,002,0.86,21822.5,150.5
2025-02-03,SpinZone,250203201001,201,743.0,89.0,175,15575.0,EUR,250203,201,001,0.86,13394.5,150.5
2025-02-03,NovaBet,250203103003,103,730.0,194.0,200,38800.0,GBP,250203,103,003,1.0,38800.0,200.0
2025-02-03,NovaBet,250203102002,102,246.0,53.0,200,10600.0,GBP,250203,102,002,1.0,10600.0,200.0
2025-02-03,NovaBet,250203101001,101,-23.0,0.0,200,0.0,GBP,250203,101,001,1.0,0.0,200.0
2025-02-02,LuckyEdge,250202303003,303,763.0,151.0,250,37750.0,GBP,250202,303,003,1.0,37750.0,250.0
2025-02-02,LuckyEdge,250202302002,302,384.0,103.0,250,25750.0,GBP,250202,302,002,1.0,25750.0,250.0
2025-02-02,LuckyEdge,250202301001,301,732.0,209.0,250,52250.0,GBP,250202,301,001,1.0,52250.0,250.0
2025-02-02,SpinZone,250202203003,203,569.0,79.0,175,13825.0,EUR,250202,203,003,0.86,11889.5,150.5
2025-02-02,SpinZone,250202202002,202,787.0,153.0,175,26775.0,EUR,250202,202,002,0.86,23026.5,150.5
2025-02-02,SpinZone,250202201001,201,729.0,63.0,175,11025.0,EUR,250202,201,001,0.86,9481.5,150.5
2025-02-02,NovaBet,250202103003,103,688.0,80.0,200,16000.0,GBP,250202,103,003,1.0,16000.0,200.0
2025-02-02,NovaBet,250202102002,102,992.0,169.0,200,33800.0,GBP,250202,102,002,1.0,33800.0,200.0
2025-02-02,NovaBet,250202101001,101,121.0,42.0,200,8400.0,GBP,250202,101,001,1.0,8400.0,200.0
2025-02-01,LuckyEdge,250201303003,303,422.0,110.0,250,27500.0,GBP,250201,303,003,1.0,27500.0,250.0
2025-02-01,LuckyEdge,250201302002,302,753.0,100.0,250,25000.0,GBP,250201,302,002,1.0,25000.0,250.0
2025-02-01,LuckyEdge,250201301001,301,997.0,275.0,250,68750.0,GBP,250201,301,001,1.0,68750.0,250.0
2025-02-01,SpinZone,250201203003,203,51.0,16.0,175,2800.0,EUR,250201,203,003,0.86,2408.0,150.5
2025-02-01,SpinZone,250201202002,202,95.0,27.0,175,4725.0,EUR,250201,202,002,0.86,4063.5,150.5
2025-02-01,SpinZone,250201201001,201,244.0,32.0,175,5600.0,EUR,250201,201,001,0.86,4816.0,150.5
2025-02-01,NovaBet,250201103003,103,444.0,147.0,200,29400.0,GBP,250201,103,003,1.0,29400.0,200.0
2025-02-01,NovaBet,250201102002,102,573.0,29.0,200,5800.0,GBP,250201,102,002,1.0,5800.0,200.0
2025-02-01,NovaBet,250201101001,101,496.0,155.0,200,31000.0,GBP,250201,101,001,1.0,31000.0,200.0
2025-01-31,LuckyEdge,250131303003,303,403.0,80.0,250,20000.0,GBP,250131,303,003,1.0,20000.0,250.0
2025-01-31,LuckyEdge,250131302002,302,660.0,111.0,250,27750.0,GBP,250131,302,002,1.0,27750.0,250.0
2025-01-31,LuckyEdge,250131301001,301,89.0,6.0,250,1500.0,GBP,250131,301,001,1.0,1500.0,250.0
2025-01-31,SpinZone,250131203003,203,644.0,67.0,175,11725.0,EUR,250131,203,003,0.86,10083.5,150.5
2025-01-31,SpinZone,250131202002,202,317.0,22.0,175,3850.0,EUR,250131,202,002,0.86,3311.0,150.5
2025-01-31,SpinZone,250131201001,201,168.0,56.0,175,9800.0,EUR,250131,201,001,0.86,8428.0,150.5
2025-01-31,NovaBet,250131103003,103,389.0,7.0,200,1400.0,GBP,250131,103,003,1.0,1400.0,200.0
2025-01-31,NovaBet,250131102002,102,459.0,137.0,200,27400.0,GBP,250131,102,002,1.0,27400.0,200.0
2025-01-31,NovaBet,250131101001,101,409.0,130.0,200,26000.0,GBP,250131,101,001,1.0,26000.0,200.0
2025-01-30,LuckyEdge,250130303003,303,121.0,17.0,250,4250.0,GBP,250130,303,003,1.0,4250.0,250.0
2025-01-30,LuckyEdge,250130302002,302,335.0,110.0,250,27500.0,GBP,250130,302,002,1.0,27500.0,250.0
2025-01-30,LuckyEdge,250130301001,301,458.0,84.0,250,21000.0,GBP,250130,301,001,1.0,21000.0,250.0
2025-01-30,SpinZone,250130203003,203,725.0,49.0,175,8575.0,EUR,250130,203,003,0.86,7374.5,150.5
2025-01-30,SpinZone,250130202002,202,278.0,3.0,175,525.0,EUR,250130,202,002,0.86,451.5,150.5
2025-01-30,SpinZone,250130201001,201,890.0,116.0,175,20300.0,EUR,250130,201,001,0.86,17458.0,150.5
2025-01-30,NovaBet,250130103003,103,408.0,78.0,200,15600.0,GBP,250130,103,003,1.0,15600.0,200.0
2025-01-30,NovaBet,250130102002,102,886.0,235.0,200,47000.0,GBP,250130,102,002,1.0,47000.0,200.0
2025-01-30,NovaBet,250130101001,101,277.0,25.0,200,5000.0,GBP,250130,101,001,1.0,5000.0,200.0
2025-01-29,LuckyEdge,250129303003,303,929.0,240.0,250,60000.0,GBP,250129,303,003,1.0,60000.0,250.0
2025-01-29,LuckyEdge,250129302002,302,,,250,,GBP,250129,302,002,1.0,,250.0
2025-01-29,LuckyEdge,250129301001,301,856.0,55.0,250,13750.0,GBP,250129,301,001,1.0,13750.0,250.0
2025-01-29,SpinZone,250129203003,203,323.0,20.0,175,3500.0,EUR,250129,203,003,0.86,3010.0,150.5
2025-01-29,SpinZone,250129202002,202,871.0,127.0,175,22225.0,EUR,250129,202,002,0.86,19113.5,150.5
2025-01-29,SpinZone,250129201001,201,851.0,210.0,175,36750.0,EUR,250129,201,001,0.86,31605.0,150.5
2025-01-29,NovaBet,250129103003,103,804.0,170.0,200,34000.0,GBP,250129,103,003,1.0,34000.0,200.0
2025-01-29,NovaBet,250129102002,102,75.0,5.0,200,1000.0,GBP,250129,102,002,1.0,1000.0,200.0
2025-01-29,NovaBet,250129101001,101,952.0,211.0,200,42200.0,GBP,250129,101,001,1.0,42200.0,200.0
2025-01-28,LuckyEdge,250128303003,303,869.0,90.0,250,22500.0,GBP,250128,303,003,1.0,22500.0,250.0
2025-01-28,LuckyEdge,250128302002,302,935.0,83.0,250,20750.0,GBP,250128,302,002,1.0,20750.0,250.0
2025-01-28,LuckyEdge,250128301001,301,208.0,30.0,250,7500.0,GBP,250128,301,001,1.0,7500.0,250.0
2025-01-28,SpinZone,250128203003,203,685.0,191.0,175,33425.0,EUR,250128,203,003,0.86,28745.5,150.5
2025-01-28,SpinZone,250128202002,202,955.0,208.0,175,36400.0,EUR,250128,202,002,0.86,31304.0,150.5
2025-01-28,SpinZone,250128201001,201,848.0,286.0,175,50050.0,EUR,250128,201,001,0.86,43043.0,150.5
2025-01-28,NovaBet,250128103003,103,155.0,22.0,200,4400.0,GBP,250128,103,003,1.0,4400.0,200.0
2025-01-28,NovaBet,250128102002,102,305.0,85.0,200,17000.0,GBP,250128,102,002,1.0,17000.0,200.0
2025-01-28,NovaBet,250128101001,101,265.0,87.0,200,17400.0,GBP,250128,101,001,1.0,17400.0,200.0
2025-01-27,LuckyEdge,250127303003,303,970.0,183.0,250,45750.0,GBP,250127,303,003,1.0,45750.0,250.0
2025-01-27,LuckyEdge,250127302002,302,970.0,20.0,250,5000.0,GBP,250127,302,002,1.0,5000.0,250.0
2025-01-27,LuckyEdge,250127301001,301,,,250,,GBP,250127,301,001,1.0,,250.0
2025-01-27,SpinZone,250127203003,203,180.0,2.0,175,350.0,EUR,250127,203,003,0.86,301.0,150.5
2025-01-27,SpinZone,250127202002,202,201.0,55.0,175,9625.0,EUR,250127,202,002,0.86,8277.5,150.5
2025-01-27,SpinZone,250127201001,201,646.0,141.0,175,24675.0,EUR,250127,201,001,0.86,21220.5,150.5
2025-01-27,NovaBet,250127103003,103,904.0,189.0,200,37800.0,GBP,250127,103,003,1.0,37800.0,200.0
2025-01-27,NovaBet,250127102002,102,608.0,9.0,200,1800.0,GBP,250127,102,002,1.0,1800.0,200.0
2025-01-27,NovaBet,250127101001,101,975.0,76.0,200,15200.0,GBP,250127,101,001,1.0,15200.0,200.0
2025-01-26,LuckyEdge,250126303003,303,127.0,44.0,250,11000.0,GBP,250126,303,003,1.0,11000.0,250.0
2025-01-26,LuckyEdge,250126302002,302,59.0,3.0,250,750.0,GBP,250126,302,002,1.0,750.0,250.0
2025-01-26,LuckyEdge,250126301001,301,487.0,143.0,250,35750.0,GBP,250126,301,001,1.0,35750.0,250.0
2025-01-26,SpinZone,250126203003,203,614.0,180.0,175,31500.0,EUR,250126,203,003,0.86,27090.0,150.5
2025-01-26,SpinZone,250126202002,202,215.0,56.0,175,9800.0,EUR,250126,202,002,0.86,8428.0,150.5
2025-01-26,SpinZone,250126201001,201,702.0,67.0,175,11725.0,EUR,250126,201,001,0.86,10083.5,150.5
2025-01-26,NovaBet,250126103003,103,391.0,33.0,200,6600.0,GBP,250126,103,003,1.0,6600.0,200.0
2025-01-26,NovaBet,250126102002,102,95.0,0.0,200,0.0,GBP,250126,102,002,1.0,0.0,200.0
2025-01-26,NovaBet,250126101001,101,483.0,70.0,200,14000.0,GBP,250126,101,001,1.0,14000.0,200.0
2025-01-25,LuckyEdge,250125303003,303,144.0,40.0,250,10000.0,GBP,250125,303,003,1.0,10000.0,250.0
2025-01-25,LuckyEdge,250125302002,302,307.0,6.0,250,1500.0,GBP,250125,302,002,1.0,1500.0,250.0
2025-01-25,LuckyEdge,250125301001,301,567.0,125.0,250,31250.0,GBP,250125,301,001,1.0,31250.0,250.0
2025-01-25,SpinZone,250125203003,203,753.0,135.0,175,23625.0,EUR,250125,203,003,0.86,20317.5,150.5
2025-01-25,SpinZone,250125202002,202,401.0,52.0,175,9100.0,EUR,250125,202,002,0.86,7826.0,150.5
2025-01-25,SpinZone,250125201001,201,265.0,91.0,175,15925.0,EUR,250125,201,001,0.86,13695.5,150.5
2025-01-25,NovaBet,250125103003,103,338.0,77.0,200,15400.0,GBP,250125,103,003,1.0,15400.0,200.0
2025-01-25,NovaBet,250125102002,102,209.0,34.0,200,6800.0,GBP,250125,102,002,1.0,6800.0,200.0
2025-01-25,NovaBet,250125101001,101,810.0,283.0,200,56600.0,GBP,250125,101,001,1.0,56600.0,200.0
2025-01-24,LuckyEdge,250124303003,303,961.0,54.0,250,13500.0,GBP,250124,303,003,1.0,13500.0,250.0
2025-01-24,LuckyEdge,250124302002,302,320.0,14.0,250,3500.0,GBP,250124,302,002,1.0,3500.0,250.0
2025-01-24,LuckyEdge,250124301001,301,949.0,68.0,250,17000.0,GBP,250124,301,001,1.0,17000.0,250.0
2025-01-24,SpinZone,250124203003,203,729.0,53.0,175,9275.0,EUR,250124,203,003,0.86,7976.5,150.5
2025-01-24,SpinZone,250124202002,202,356.0,119.0,175,20825.0,EUR,250124,202,002,0.86,17909.5,150.5
2025-01-24,SpinZone,250124201001,201,58.0,17.0,175,2975.0,EUR,250124,201,001,0.86,2558.5,150.5
2025-01-24,NovaBet,250124103003,103,719.0,135.0,200,27000.0,GBP,250124,103,003,1.0,27000.0,200.0
2025-01-24,NovaBet,250124102002,102,676.0,206.0,200,41200.0,GBP,250124,102,002,1.0,41200.0,200.0
2025-01-24,NovaBet,250124101001,101,770.0,154.0,200,30800.0,GBP,250124,101,001,1.0,30800.0,200.0
2025-01-23,LuckyEdge,250123303003,303,903.0,278.0,250,69500.0,GBP,250123,303,003,1.0,69500.0,250.0
2025-01-23,LuckyEdge,250123302002,302,211.0,56.0,250,14000.0,GBP,250123,302,002,1.0,14000.0,250.0
2025-01-23,LuckyEdge,250123301001,301,428.0,72.0,250,18000.0,GBP,250123,301,001,1.0,18000.0,250.0
2025-01-23,SpinZone,250123203003,203,950.0,125.0,175,21875.0,EUR,250123,203,003,0.86,18812.5,150.5
2025-01-23,SpinZone,250123202002,202,952.0,35.0,175,6125.0,EUR,250123,202,002,0.86,5267.5,150.5
2025-01-23,SpinZone,250123201001,201,185.0,44.0,175,7700.0,EUR,250123,201,001,0.86,6622.0,150.5
2025-01-23,NovaBet,250123103003,103,568.0,67.0,200,13400.0,GBP,250123,103,003,1.0,13400.0,200.0
2025-01-23,NovaBet,250123102002,102,600.0,54.0,200,10800.0,GBP,250123,102,002,1.0,10800.0,200.0
2025-01-23,NovaBet,250123101001,101,152.0,4.0,200,800.0,GBP,250123,101,001,1.0,800.0,200.0
2025-01-22,LuckyEdge,250122303003,303,686.0,144.0,250,36000.0,GBP,250122,303,003,1.0,36000.0,250.0
2025-01-22,LuckyEdge,250122302002,302,59.0,14.0,250,3500.0,GBP,250122,302,002,1.0,3500.0,250.0
2025-01-22,LuckyEdge,250122301001,301,819.0,37.0,250,9250.0,GBP,250122,301,001,1.0,9250.0,250.0
2025-01-22,SpinZone,250122203003,203,518.0,80.0,175,14000.0,EUR,250122,203,003,0.86,12040.0,150.5
2025-01-22,SpinZone,250122202002,202,737.0,153.0,175,26775.0,EUR,250122,202,002,0.86,23026.5,150.5
2025-01-22,SpinZone,250122201001,201,455.0,33.0,175,5775.0,EUR,250122,201,001,0.86,4966.5,150.5
2025-01-22,NovaBet,250122103003,103,294.0,33.0,200,6600.0,GBP,250122,103,003,1.0,6600.0,200.0
2025-01-22,NovaBet,250122102002,102,783.0,160.0,200,32000.0,GBP,250122,102,002,1.0,32000.0,200.0
2025-01-22,NovaBet,250122101001,101,259.0,85.0,200,17000.0,GBP,250122,101,001,1.0,17000.0,200.0
2025-01-21,LuckyEdge,250121303003,303,373.0,66.0,250,16500.0,GBP,250121,303,003,1.0,16500.0,250.0
2025-01-21,LuckyEdge,250121302002,302,628.0,133.0,250,33250.0,GBP,250121,302,002,1.0,33250.0,250.0
2025-01-21,LuckyEdge,250121301001,301,479.0,149.0,250,37250.0,GBP,250121,301,001,1.0,37250.0,250.0
2025-01-21,SpinZone,250121203003,203,684.0,20.0,175,3500.0,EUR,250121,203,003,0.86,3010.0,150.5
2025-01-21,SpinZone,250121202002,202,658.0,10.0,175,1750.0,EUR,250121,202,002,0.86,1505.0,150.5
2025-01-21,SpinZone,250121201001,201,302.0,74.0,175,12950.0,EUR,250121,201,001,0.86,11137.0,150.5
2025-01-21,NovaBet,250121103003,103,961.0,291.0,200,58200.0,GBP,250121,103,003,1.0,58200.0,200.0
2025-01-21,NovaBet,250121102002,102,463.0,30.0,200,6000.0,GBP,250121,102,002,1.0,6000.0,200.0
2025-01-21,NovaBet,250121101001,101,119.0,15.0,200,3000.0,GBP,250121,101,001,1.0,3000.0,200.0
2025-01-20,LuckyEdge,250120303003,303,120.0,38.0,250,9500.0,GBP,250120,303,003,1.0,9500.0,250.0
2025-01-20,LuckyEdge,250120302002,302,921.0,95.0,250,23750.0,GBP,250120,302,002,1.0,23750.0,250.0
2025-01-20,LuckyEdge,250120301001,301,570.0,20.0,250,5000.0,GBP,250120,301,001,1.0,5000.0,250.0
2025-01-20,SpinZone,250120203003,203,211.0,7.0,175,1225.0,EUR,250120,203,003,0.86,1053.5,150.5
2025-01-20,SpinZone,250120202002,202,564.0,135.0,175,23625.0,EUR,250120,202,002,0.86,20317.5,150.5
2025-01-20,SpinZone,250120201001,201,648.0,122.0,175,21350.0,EUR,250120,201,001,0.86,18361.0,150.5
2025-01-20,NovaBet,250120103003,103,108.0,3.0,200,600.0,GBP,250120,103,003,1.0,600.0,200.0
2025-01-20,NovaBet,250120102002,102,112.0,20.0,200,4000.0,GBP,250120,102,002,1.0,4000.0,200.0
2025-01-20,NovaBet,250120101001,101,803.0,277.0,200,55400.0,GBP,250120,101,001,1.0,55400.0,200.0
2025-01-19,LuckyEdge,250119303003,303,109.0,37.0,250,9250.0,GBP,250119,303,003,1.0,9250.0,250.0
2025-01-19,LuckyEdge,250119302002,302,353.0,27.0,250,6750.0,GBP,250119,302,002,1.0,6750.0,250.0
2025-01-19,LuckyEdge,250119301001,301,208.0,24.0,250,6000.0,GBP,250119,301,001,1.0,6000.0,250.0
2025-01-19,SpinZone,250119203003,203,763.0,249.0,175,43575.0,EUR,250119,203,003,0.86,37474.5,150.5
2025-01-19,SpinZone,250119202002,202,342.0,54.0,175,9450.0,EUR,250119,202,002,0.86,8127.0,150.5
2025-01-19,SpinZone,250119201001,201,853.0,232.0,175,40600.0,EUR,250119,201,001,0.86,34916.0,150.5
2025-01-19,NovaBet,250119103003,103,321.0,100.0,200,20000.0,GBP,250119,103,003,1.0,20000.0,200.0
2025-01-19,NovaBet,250119102002,102,52.0,12.0,200,2400.0,GBP,250119,102,002,1.0,2400.0,200.0
2025-01-19,NovaBet,250119101001,101,218.0,48.0,200,9600.0,GBP,250119,101,001,1.0,9600.0,200.0
2025-01-18,LuckyEdge,250118303003,303,974.0,30.0,250,7500.0,GBP,250118,303,003,1.0,7500.0,250.0
2025-01-18,LuckyEdge,250118302002,302,268.0,51.0,250,12750.0,GBP,250118,302,002,1.0,12750.0,250.0
2025-01-18,LuckyEdge,250118301001,301,547.0,123.0,250,30750.0,GBP,250118,301,001,1.0,30750.0,250.0
2025-01-18,SpinZone,250118203003,203,220.0,52.0,175,9100.0,EUR,250118,203,003,0.86,7826.0,150.5
2025-01-18,SpinZone,250118202002,202,919.0,121.0,175,21175.0,EUR,250118,202,002,0.86,18210.5,150.5
2025-01-18,SpinZone,250118201001,201,145.0,48.0,175,8400.0,EUR,250118,201,001,0.86,7224.0,150.5
2025-01-18,NovaBet,250118103003,103,906.0,7.0,200,1400.0,GBP,250118,103,003,1.0,1400.0,200.0
2025-01-18,NovaBet,250118102002,102,717.0,138.0,200,27600.0,GBP,250118,102,002,1.0,27600.0,200.0
2025-01-18,NovaBet,250118101001,101,150.0,3.0,200,600.0,GBP,250118,101,001,1.0,600.0,200.0
2025-01-17,LuckyEdge,250117303003,303,503.0,140.0,250,35000.0,GBP,250117,303,003,1.0,35000.0,250.0
2025-01-17,LuckyEdge,250117302002,302,305.0,9.0,250,2250.0,GBP,250117,302,002,1.0,2250.0,250.0
2025-01-17,LuckyEdge,250117301001,301,335.0,59.0,250,14750.0,GBP,250117,301,001,1.0,14750.0,250.0
2025-01-17,SpinZone,250117203003,203,482.0,46.0,175,8050.0,EUR,250117,203,003,0.86,6923.0,150.5
2025-01-17,SpinZone,250117202002,202,509.0,35.0,175,6125.0,EUR,250117,202,002,0.86,5267.5,150.5
2025-01-17,SpinZone,250117201001,201,244.0,68.0,175,11900.0,EUR,250117,201,001,0.86,10234.0,150.5
2025-01-17,NovaBet,250117103003,103,304.0,24.0,200,4800.0,GBP,250117,103,003,1.0,4800.0,200.0
2025-01-17,NovaBet,250117102002,102,869.0,55.0,200,11000.0,GBP,250117,102,002,1.0,11000.0,200.0
2025-01-17,NovaBet,250117101001,101,795.0,173.0,200,34600.0,GBP,250117,101,001,1.0,34600.0,200.0
2025-01-16,LuckyEdge,250116303003,303,112.0,25.0,250,6250.0,GBP,250116,303,003,1.0,6250.0,250.0
2025-01-16,LuckyEdge,250116302002,302,739.0,50.0,250,12500.0,GBP,250116,302,002,1.0,12500.0,250.0
2025-01-16,LuckyEdge,250116301001,301,528.0,13.0,250,3250.0,GBP,250116,301,001,1.0,3250.0,250.0
2025-01-16,SpinZone,250116203003,203,483.0,105.0,175,18375.0,EUR,250116,203,003,0.86,15802.5,150.5
2025-01-16,SpinZone,250116202002,202,491.0,90.0,175,15750.0,EUR,250116,202,002,0.86,13545.0,150.5
2025-01-16,SpinZone,250116201001,201,149.0,42.0,175,7350.0,EUR,250116,201,001,0.86,6321.0,150.5
2025-01-16,NovaBet,250116103003,103,244.0,12.0,200,2400.0,GBP,250116,103,003,1.0,2400.0,200.0
2025-01-16,NovaBet,250116102002,102,534.0,104.0,200,20800.0,GBP,250116,102,002,1.0,20800.0,200.0
2025-01-16,NovaBet,250116101001,101,298.0,100.0,200,20000.0,GBP,250116,101,001,1.0,20000.0,200.0
2025-01-15,LuckyEdge,250115303003,303,185.0,60.0,250,15000.0,GBP,250115,303,003,1.0,15000.0,250.0
2025-01-15,LuckyEdge,250115302002,302,269.0,69.0,250,17250.0,GBP,250115,302,002,1.0,17250.0,250.0
2025-01-15,LuckyEdge,250115301001,301,735.0,248.0,250,62000.0,GBP,250115,301,001,1.0,62000.0,250.0
2025-01-15,SpinZone,250115203003,203,293.0,35.0,175,6125.0,EUR,250115,203,003,0.86,5267.5,150.5
2025-01-15,SpinZone,250115202002,202,122.0,32.0,175,5600.0,EUR,250115,202,002,0.86,4816.0,150.5
2025-01-15,SpinZone,250115201001,201,930.0,169.0,175,29575.0,EUR,250115,201,001,0.86,25434.5,150.5
2025-01-15,SpinZone,250115201001,201,930.0,169.0,175,29575.0,EUR,250115,201,001,0.86,25434.5,150.5
2025-01-15,NovaBet,250115103003,103,977.0,16.0,200,3200.0,GBP,250115,103,003,1.0,3200.0,200.0
2025-01-15,NovaBet,250115102002,102,284.0,8.0,200,1600.0,GBP,250115,102,002,1.0,1600.0,200.0
2025-01-15,NovaBet,250115101001,101,774.0,30.0,200,6000.0,GBP,250115,101,001,1.0,6000.0,200.0
2025-01-14,LuckyEdge,250114303003,303,57.0,2.0,250,500.0,GBP,250114,303,003,1.0,500.0,250.0
2025-01-14,LuckyEdge,250114302002,302,652.0,56.0,250,14000.0,GBP,250114,302,002,1.0,14000.0,250.0
2025-01-14,LuckyEdge,250114301001,301,617.0,58.0,250,14500.0,GBP,250114,301,001,1.0,14500.0,250.0
2025-01-14,SpinZone,250114203003,203,71.0,18.0,175,3150.0,EUR,250114,203,003,0.86,2709.0,150.5
2025-01-14,SpinZone,250114202002,202,115.0,21.0,175,3675.0,EUR,250114,202,002,0.86,3160.5,150.5
2025-01-14,SpinZone,250114201001,201,303.0,28.0,175,4900.0,EUR,250114,201,001,0.86,4214.0,150.5
2025-01-14,NovaBet,250114103003,103,512.0,30.0,200,6000.0,GBP,250114,103,003,1.0,6000.0,200.0
2025-01-14,NovaBet,250114102002,102,498.0,132.0,200,26400.0,GBP,250114,102,002,1.0,26400.0,200.0
2025-01-14,NovaBet,250114101001,101,458.0,95.0,200,19000.0,GBP,250114,101,001,1.0,19000.0,200.0
2025-01-13,LuckyEdge,250113303003,303,780.0,159.0,250,39750.0,GBP,250113,303,003,1.0,39750.0,250.0
2025-01-13,LuckyEdge,250113302002,302,823.0,102.0,250,25500.0,GBP,250113,302,002,1.0,25500.0,250.0
2025-01-13,LuckyEdge,250113301001,301,266.0,69.0,250,17250.0,GBP,250113,301,001,1.0,17250.0,250.0
2025-01-13,SpinZone,250113203003,203,943.0,216.0,175,37800.0,EUR,250113,203,003,0.86,32508.0,150.5
2025-01-13,SpinZone,250113202002,202,321.0,67.0,175,11725.0,EUR,250113,202,002,0.86,10083.5,150.5
2025-01-13,SpinZone,250113201001,201,612.0,42.0,175,7350.0,EUR,250113,201,001,0.86,6321.0,150.5
2025-01-13,NovaBet,250113103003,103,181.0,60.0,200,12000.0,GBP,250113,103,003,1.0,12000.0,200.0
2025-01-13,NovaBet,250113102002,102,834.0,64.0,200,12800.0,GBP,250113,102,002,1.0,12800.0,200.0
2025-01-13,NovaBet,250113101001,101,828.0,272.0,200,54400.0,GBP,250113,101,001,1.0,54400.0,200.0
2025-01-12,LuckyEdge,250112303003,303,885.0,35.0,250,8750.0,GBP,250112,303,003,1.0,8750.0,250.0
2025-01-12,LuckyEdge,250112302002,302,799.0,248.0,250,62000.0,GBP,250112,302,002,1.0,62000.0,250.0
2025-01-12,LuckyEdge,250112301001,301,130.0,5.0,250,1250.0,GBP,250112,301,001,1.0,1250.0,250.0
2025-01-12,SpinZone,250112203003,203,296.0,72.0,175,12600.0,EUR,250112,203,003,0.86,10836.0,150.5
2025-01-12,SpinZone,250112202002,202,295.0,7.0,175,1225.0,EUR,250112,202,002,0.86,1053.5,150.5
2025-01-12,SpinZone,250112201001,201,949.0,157.0,175,27475.0,EUR,250112,201,001,0.86,23628.5,150.5
2025-01-12,NovaBet,250112103003,103,164.0,23.0,200,4600.0,GBP,250112,103,003,1.0,4600.0,200.0
2025-01-12,NovaBet,250112102002,102,550.0,4.0,200,800.0,GBP,250112,102,002,1.0,800.0,200.0
2025-01-12,NovaBet,250112101001,101,663.0,82.0,200,16400.0,GBP,250112,101,001,1.0,16400.0,200.0
2025-01-11,LuckyEdge,250111303003,303,990.0,0.0,250,0.0,GBP,250111,303,003,1.0,0.0,250.0
2025-01-11,LuckyEdge,250111302002,302,994.0,271.0,250,67750.0,GBP,250111,302,002,1.0,67750.0,250.0
2025-01-11,LuckyEdge,250111301001,301,602.0,199.0,250,49750.0,GBP,250111,301,001,1.0,49750.0,250.0
2025-01-11,SpinZone,250111203003,203,830.0,82.0,175,14350.0,EUR,250111,203,003,0.86,12341.0,150.5
2025-01-11,SpinZone,250111202002,202,206.0,47.0,175,8225.0,EUR,250111,202,002,0.86,7073.5,150.5
2025-01-11,SpinZone,250111201001,201,673.0,50.0,175,8750.0,EUR,250111,201,001,0.86,7525.0,150.5
2025-01-11,NovaBet,250111103003,103,911.0,259.0,200,51800.0,GBP,250111,103,003,1.0,51800.0,200.0
2025-01-11,NovaBet,250111102002,102,941.0,152.0,200,30400.0,GBP,250111,102,002,1.0,30400.0,200.0
2025-01-11,NovaBet,250111101001,101,984.0,54.0,200,10800.0,GBP,250111,101,001,1.0,10800.0,200.0
2025-01-10,LuckyEdge,250110303003,303,232.0,64.0,250,16000.0,GBP,250110,303,003,1.0,16000.0,250.0
2025-01-10,LuckyEdge,250110302002,302,562.0,195.0,250,48750.0,GBP,250110,302,002,1.0,48750.0,250.0
2025-01-10,LuckyEdge,250110301001,301,789.0,134.0,250,33500.0,GBP,250110,301,001,1.0,33500.0,250.0
2025-01-10,SpinZone,250110203003,203,514.0,0.0,175,0.0,EUR,250110,203,003,0.86,0.0,150.5
2025-01-10,SpinZone,250110202002,202,495.0,40.0,175,7000.0,EUR,250110,202,002,0.86,6020.0,150.5
2025-01-10,SpinZone,250110201001,201,164.0,18.0,175,3150.0,EUR,250110,201,001,0.86,2709.0,150.5
2025-01-10,NovaBet,250110103003,103,837.0,174.0,200,34800.0,GBP,250110,103,003,1.0,34800.0,200.0
2025-01-10,NovaBet,250110102002,102,748.0,136.0,200,27200.0,GBP,250110,102,002,1.0,27200.0,200.0
2025-01-10,NovaBet,250110101001,101,746.0,58.0,200,11600.0,GBP,250110,101,001,1.0,11600.0,200.0
2025-01-09,LuckyEdge,250109303003,303,616.0,2.0,250,500.0,GBP,250109,303,003,1.0,500.0,250.0
2025-01-09,LuckyEdge,250109302002,302,591.0,64.0,250,16000.0,GBP,250109,302,002,1.0,16000.0,250.0
2025-01-09,LuckyEdge,250109301001,301,660.0,119.0,250,29750.0,GBP,250109,301,001,1.0,29750.0,250.0
2025-01-09,SpinZone,250109203003,203,444.0,97.0,175,16975.0,EUR,250109,203,003,0.86,14598.5,150.5
2025-01-09,SpinZone,250109202002,202,660.0,16.0,175,2800.0,EUR,250109,202,002,0.86,2408.0,150.5
2025-01-09,SpinZone,250109201001,201,861.0,216.0,175,37800.0,EUR,250109,201,001,0.86,32508.0,150.5
2025-01-09,NovaBet,250109103003,103,206.0,20.0,200,4000.0,GBP,250109,103,003,1.0,4000.0,200.0
2025-01-09,NovaBet,250109102002,102,98.0,7.0,200,1400.0,GBP,250109,102,002,1.0,1400.0,200.0
2025-01-09,NovaBet,250109101001,101,143.0,48.0,200,9600.0,GBP,250109,101,001,1.0,9600.0,200.0
2025-01-08,LuckyEdge,250108303003,303,571.0,126.0,250,31500.0,GBP,250108,303,003,1.0,31500.0,250.0
2025-01-08,LuckyEdge,250108302002,302,274.0,17.0,250,4250.0,GBP,250108,302,002,1.0,4250.0,250.0
2025-01-08,LuckyEdge,250108301001,301,458.0,92.0,250,23000.0,GBP,250108,301,001,1.0,23000.0,250.0
2025-01-08,SpinZone,250108203003,203,969.0,298.0,175,52150.0,EUR,250108,203,003,0.86,44849.0,150.5
2025-01-08,SpinZone,250108202002,202,648.0,109.0,175,19075.0,EUR,250108,202,002,0.86,16404.5,150.5
2025-01-08,SpinZone,250108201001,201,319.0,95.0,175,16625.0,EUR,250108,201,001,0.86,14297.5,150.5
2025-01-08,NovaBet,250108103003,103,812.0,275.0,200,55000.0,GBP,250108,103,003,1.0,55000.0,200.0
2025-01-08,NovaBet,250108103003,103,812.0,275.0,200,55000.0,GBP,250108,103,003,1.0,55000.0,200.0
2025-01-08,NovaBet,250108102002,102,192.0,31.0,200,6200.0,GBP,250108,102,002,1.0,6200.0,200.0
2025-01-08,NovaBet,250108101001,101,196.0,33.0,200,6600.0,GBP,250108,101,001,1.0,6600.0,200.0
2025-01-07,LuckyEdge,250107303003,303,955.0,234.0,250,58500.0,GBP,250107,303,003,1.0,58500.0,250.0
2025-01-07,LuckyEdge,250107302002,302,561.0,101.0,250,25250.0,GBP,250107,302,002,1.0,25250.0,250.0
2025-01-07,LuckyEdge,250107301001,301,267.0,83.0,250,20750.0,GBP,250107,301,001,1.0,20750.0,250.0
2025-01-07,SpinZone,250107203003,203,947.0,161.0,175,28175.0,EUR,250107,203,003,0.86,24230.5,150.5
2025-01-07,SpinZone,250107202002,202,985.0,290.0,175,50750.0,EUR,250107,202,002,0.86,43645.0,150.5
2025-01-07,SpinZone,250107201001,201,117.0,13.0,175,2275.0,EUR,250107,201,001,0.86,1956.5,150.5
2025-01-07,NovaBet,250107103003,103,460.0,68.0,200,13600.0,GBP,250107,103,003,1.0,13600.0,200.0
2025-01-07,NovaBet,250107102002,102,874.0,161.0,200,32200.0,GBP,250107,102,002,1.0,32200.0,200.0
2025-01-07,NovaBet,250107101001,101,284.0,4.0,200,800.0,GBP,250107,101,001,1.0,800.0,200.0
2025-01-06,LuckyEdge,250106303003,303,382.0,14.0,250,3500.0,GBP,250106,303,003,1.0,3500.0,250.0
2025-01-06,LuckyEdge,250106302002,302,274.0,87.0,250,21750.0,GBP,250106,302,002,1.0,21750.0,250.0
2025-01-06,LuckyEdge,250106301001,301,997.0,285.0,250,71250.0,GBP,250106,301,001,1.0,71250.0,250.0
2025-01-06,SpinZone,250106203003,203,438.0,69.0,175,12075.0,EUR,250106,203,003,0.86,10384.5,150.5
2025-01-06,SpinZone,250106202002,202,217.0,59.0,175,10325.0,EUR,250106,202,002,0.86,8879.5,150.5
2025-01-06,SpinZone,250106201001,201,796.0,125.0,175,21875.0,EUR,250106,201,001,0.86,18812.5,150.5
2025-01-06,NovaBet,250106103003,103,225.0,68.0,200,13600.0,GBP,250106,103,003,1.0,13600.0,200.0
2025-01-06,NovaBet,250106102002,102,673.0,162.0,200,32400.0,GBP,250106,102,002,1.0,32400.0,200.0
2025-01-06,NovaBet,250106101001,101,768.0,36.0,200,7200.0,GBP,250106,101,001,1.0,7200.0,200.0
2025-01-05,LuckyEdge,250105303003,303,736.0,136.0,250,34000.0,GBP,250105,303,003,1.0,34000.0,250.0
2025-01-05,LuckyEdge,250105302002,302,413.0,53.0,250,13250.0,GBP,250105,302,002,1.0,13250.0,250.0
2025-01-05,LuckyEdge,250105301001,301,216.0,47.0,250,11750.0,GBP,250105,301,001,1.0,11750.0,250.0
2025-01-05,SpinZone,250105203003,203,904.0,186.0,175,32550.0,EUR,250105,203,003,0.86,27993.0,150.5
2025-01-05,SpinZone,250105202002,202,514.0,162.0,175,28350.0,EUR,250105,202,002,0.86,24381.0,150.5
2025-01-05,SpinZone,250105201001,201,439.0,71.0,175,12425.0,EUR,250105,201,001,0.86,10685.5,150.5
2025-01-05,NovaBet,250105103003,103,937.0,51.0,200,10200.0,GBP,250105,103,003,1.0,10200.0,200.0
2025-01-05,NovaBet,250105102002,102,131.0,14.0,200,2800.0,GBP,250105,102,002,1.0,2800.0,200.0
2025-01-05,NovaBet,250105101001,101,841.0,148.0,200,29600.0,GBP,250105,101,001,1.0,29600.0,200.0
2025-01-04,LuckyEdge,250104303003,303,96.0,14.0,250,3500.0,GBP,250104,303,003,1.0,3500.0,250.0
2025-01-04,LuckyEdge,250104302002,302,771.0,35.0,250,8750.0,GBP,250104,302,002,1.0,8750.0,250.0
2025-01-04,LuckyEdge,250104301001,301,641.0,49.0,250,12250.0,GBP,250104,301,001,1.0,12250.0,250.0
2025-01-04,SpinZone,250104203003,203,956.0,185.0,175,32375.0,EUR,250104,203,003,0.86,27842.5,150.5
2025-01-04,SpinZone,250104202002,202,693.0,158.0,175,27650.0,EUR,250104,202,002,0.86,23779.0,150.5
2025-01-04,SpinZone,250104201001,201,350.0,106.0,175,18550.0,EUR,250104,201,001,0.86,15953.0,150.5
2025-01-04,NovaBet,250104103003,103,130.0,35.0,200,7000.0,GBP,250104,103,003,1.0,7000.0,200.0
2025-01-04,NovaBet,250104102002,102,994.0,193.0,200,38600.0,GBP,250104,102,002,1.0,38600.0,200.0
2025-01-04,NovaBet,250104101001,101,599.0,31.0,200,6200.0,GBP,250104,101,001,1.0,6200.0,200.0
2025-01-03,LuckyEdge,250103303003,303,797.0,235.0,250,58750.0,GBP,250103,303,003,1.0,58750.0,250.0
2025-01-03,LuckyEdge,250103302002,302,876.0,22.0,250,5500.0,GBP,250103,302,002,1.0,5500.0,250.0
2025-01-03,LuckyEdge,250103301001,301,668.0,67.0,250,16750.0,GBP,250103,301,001,1.0,16750.0,250.0
2025-01-03,SpinZone,250103203003,203,417.0,88.0,175,15400.0,EUR,250103,203,003,0.86,13244.0,150.5
2025-01-03,SpinZone,250103202002,202,439.0,24.0,175,4200.0,EUR,250103,202,002,0.86,3612.0,150.5
2025-01-03,SpinZone,250103201001,201,154.0,5.0,175,875.0,EUR,250103,201,001,0.86,752.5,150.5
2025-01-03,NovaBet,250103103003,103,831.0,172.0,200,34400.0,GBP,250103,103,003,1.0,34400.0,200.0
2025-01-03,NovaBet,250103102002,102,209.0,27.0,200,5400.0,GBP,250103,102,002,1.0,5400.0,200.0
2025-01-03,NovaBet,250103101001,101,398.0,71.0,200,14200.0,GBP,250103,101,001,1.0,14200.0,200.0
2025-01-02,LuckyEdge,250102303003,303,764.0,216.0,250,54000.0,GBP,250102,303,003,1.0,54000.0,250.0
2025-01-02,LuckyEdge,250102302002,302,827.0,81.0,250,20250.0,GBP,250102,302,002,1.0,20250.0,250.0
2025-01-02,LuckyEdge,250102301001,301,878.0,3.0,250,750.0,GBP,250102,301,001,1.0,750.0,250.0
2025-01-02,SpinZone,250102203003,203,653.0,71.0,175,12425.0,EUR,250102,203,003,0.86,10685.5,150.5
2025-01-02,SpinZone,250102202002,202,275.0,57.0,175,9975.0,EUR,250102,202,002,0.86,8578.5,150.5
2025-01-02,SpinZone,250102201001,201,783.0,214.0,175,37450.0,EUR,250102,201,001,0.86,32207.0,150.5
2025-01-02,NovaBet,250102103003,103,624.0,50.0,200,10000.0,GBP,250102,103,003,1.0,10000.0,200.0
2025-01-02,NovaBet,250102102002,102,666.0,6.0,200,1200.0,GBP,250102,102,002,1.0,1200.0,200.0
2025-01-02,NovaBet,250102101001,101,288.0,64.0,200,12800.0,GBP,250102,101,001,1.0,12800.0,200.0
2025-01-01,LuckyEdge,250101303003,303,145.0,13.0,250,3250.0,GBP,250101,303,003,1.0,3250.0,250.0
2025-01-01,LuckyEdge,250101302002,302,82.0,0.0,250,0.0,GBP,250101,302,002,1.0,0.0,250.0
2025-01-01,LuckyEdge,250101301001,301,654.0,108.0,250,27000.0,GBP,250101,301,001,1.0,27000.0,250.0
2025-01-01,SpinZone,250101203003,203,742.0,44.0,175,7700.0,EUR,250101,203,003,0.86,6622.0,150.5
2025-01-01,SpinZone,250101202002,202,804.0,52.0,175,9100.0,EUR,250101,202,002,0.86,7826.0,150.5
2025-01-01,SpinZone,250101201001,201,278.0,17.0,175,2975.0,EUR,250101,201,001,0.86,2558.5,150.5
2025-01-01,NovaBet,250101103003,103,331.0,31.0,200,6200.0,GBP,250101,103,003,1.0,6200.0,200.0
2025-01-01,NovaBet,250101102002,102,75.0,23.0,200,4600.0,GBP,250101,102,002,1.0,4600.0,200.0
2025-01-01,NovaBet,250101101001,101,704.0,28.0,200,5600.0,GBP,250101,101,001,1.0,5600.0,200.0
2025-02-10,NovaBet,,101,773.0,109.0,200,21800.0,GBP,,,,1.0,21800.0,200.0
2025-02-10,LuckyEdge,,303,927.0,294.0,250,73500.0,GBP,,,,1.0,73500.0,250.0
2025-02-11,SpinZone,,201,449.0,107.0,175,18725.0,EUR,,,,0.86,16103.5,150.5
