date,operator_name,tracking_id,card_id,registrations,ftds,commission_per_ftd,total_commission,currency
03/31/2025,LuckyEdge,250331303003,303,416,60,250,15000,GBP
03/31/2025,LuckyEdge,250331302002,302,184,1,250,250,GBP
03/31/2025,LuckyEdge,250331301001,301,937,13,250,3250,GBP
03/31/2025,SpinZone,250331203003,203,162,42,175,7350,EUR
03/31/2025,SpinZone,250331202002,202,867,89,175,15575,EUR
03/31/2025,SpinZone,250331201001,201,603,64,175,11200,EUR
03/31/2025,NovaBet,250331103003,103,198,16,200,3200,GBP
03/31/2025,NovaBet,250331102002,102,333,109,200,21800,GBP
03/31/2025,NovaBet,250331101001,101,857,1,200,200,GBP
03/30/2025,LuckyEdge,250330303003,303,386,37,250,9250,GBP
03/30/2025,LuckyEdge,250330302002,302,271,29,250,7250,GBP
03/30/2025,LuckyEdge,250330301001,301,262,75,250,18750,GBP
03/30/2025,SpinZone,250330203003,203,899,283,175,49525,EUR
03/30/2025,SpinZone,250330202002,202,260,8,175,1400,EUR
03/30/2025,SpinZone,250330201001,201,855,289,175,50575,EUR
03/30/2025,NovaBet,250330103003,103,299,16,200,3200,GBP
03/30/2025,NovaBet,250330102002,102,855,170,200,34000,GBP
03/30/2025,NovaBet,250330101001,101,71,1,200,200,GBP
03/29/2025,LuckyEdge,250329303003,303,704,152,250,38000,GBP
03/29/2025,LuckyEdge,250329302002,302,267,82,250,20500,GBP
03/29/2025,LuckyEdge,250329301001,301,143,42,250,10500,GBP
03/29/2025,SpinZone,250329203003,203,918,232,175,40600,EUR
03/29/2025,SpinZone,250329202002,202,175,60,175,10500,EUR
03/29/2025,SpinZone,250329201001,201,332,24,175,4200,EUR
03/29/2025,NovaBet,250329103003,103,112,25,200,5000,GBP
03/29/2025,NovaBet,250329102002,102,973,183,200,36600,GBP
03/29/2025,NovaBet,250329101001,101,426,139,200,27800,GBP
03/28/2025,LuckyEdge,250328303003,303,151,43,250,10750,GBP
03/28/2025,LuckyEdge,250328302002,302,925,185,250,46250,GBP
03/28/2025,LuckyEdge,250328301001,301,505,60,250,15000,GBP
03/28/2025,SpinZone,250328203003,203,272,56,175,9800,EUR
03/28/2025,SpinZone,250328202002,202,756,189,175,33075,EUR
03/28/2025,SpinZone,250328201001,201,336,4,175,700,EUR
03/28/2025,NovaBet,250328103003,103,680,104,200,20800,GBP
03/28/2025,NovaBet,250328102002,102,903,250,200,50000,GBP
03/28/2025,NovaBet,250328101001,101,720,25,200,5000,GBP
03/27/2025,LuckyEdge,250327303003,303,956,212,250,53000,GBP
03/27/2025,LuckyEdge,250327302002,302,794,79,250,19750,GBP
03/27/2025,LuckyEdge,250327301001,301,651,190,250,47500,GBP
03/27/2025,SpinZone,250327203003,203,736,214,175,37450,EUR
03/27/2025,SpinZone,250327202002,202,514,94,175,16450,EUR
03/27/2025,SpinZone,250327201001,201,188,49,175,8575,EUR
03/27/2025,NovaBet,250327103003,103,958,275,200,55000,GBP
03/27/2025,NovaBet,250327102002,102,149,15,200,3000,GBP
03/27/2025,NovaBet,250327101001,101,554,29,200,5800,GBP
03/26/2025,LuckyEdge,250326303003,303,88,9,250,2250,GBP
03/26/2025,LuckyEdge,250326302002,302,193,5,250,1250,GBP
03/26/2025,LuckyEdge,250326301001,301,468,29,250,7250,GBP
03/26/2025,SpinZone,250326203003,203,359,83,175,14525,EUR
03/26/2025,SpinZone,250326202002,202,525,179,175,31325,EUR
03/26/2025,SpinZone,250326201001,201,700,210,175,36750,EUR
03/26/2025,NovaBet,250326103003,103,713,16,200,3200,GBP
03/26/2025,NovaBet,250326102002,102,385,56,200,11200,GBP
03/26/2025,NovaBet,250326101001,101,955,287,200,57400,GBP
03/25/2025,LuckyEdge,250325303003,303,75,19,250,4750,GBP
03/25/2025,LuckyEdge,250325302002,302,289,60,250,15000,GBP
03/25/2025,LuckyEdge,250325301001,301,160,43,250,10750,GBP
03/25/2025,SpinZone,250325203003,203,892,190,175,33250,EUR
03/25/2025,SpinZone,250325202002,202,648,97,175,16975,EUR
03/25/2025,SpinZone,250325201001,201,738,134,175,23450,EUR
03/25/2025,NovaBet,250325103003,103,515,94,200,18800,GBP
03/25/2025,NovaBet,250325102002,102,599,31,200,6200,GBP
03/25/2025,NovaBet,250325101001,101,64,8,200,1600,GBP
03/24/2025,LuckyEdge,250324303003,303,859,202,250,50500,GBP
03/24/2025,LuckyEdge,250324302002,302,424,23,250,5750,GBP
03/24/2025,LuckyEdge,250324301001,301,916,285,250,71250,GBP
03/24/2025,SpinZone,250324203003,203,930,203,175,35525,EUR
03/24/2025,SpinZone,250324202002,202,194,28,175,4900,EUR
03/24/2025,SpinZone,250324201001,201,529,19,175,3325,EUR
03/24/2025,NovaBet,250324103003,103,873,58,200,11600,GBP
03/24/2025,NovaBet,250324102002,102,814,173,200,34600,GBP
03/24/2025,NovaBet,250324101001,101,543,75,200,15000,GBP
03/23/2025,LuckyEdge,250323303003,303,313,105,250,26250,GBP
03/23/2025,LuckyEdge,250323302002,302,900,84,250,21000,GBP
03/23/2025,LuckyEdge,250323301001,301,985,139,250,34750,GBP
03/23/2025,SpinZone,250323203003,203,593,128,175,22400,EUR
03/23/2025,SpinZone,250323202002,202,185,46,175,8050,EUR
03/23/2025,SpinZone,250323201001,201,229,25,175,4375,EUR
03/23/2025,NovaBet,250323103003,103,384,106,200,21200,GBP
03/23/2025,NovaBet,250323102002,102,142,18,200,3600,GBP
03/23/2025,NovaBet,250323101001,101,423,33,200,6600,GBP
03/22/2025,LuckyEdge,250322303003,303,84,18,250,4500,GBP
03/22/2025,LuckyEdge,250322302002,302,366,112,250,28000,GBP
03/22/2025,LuckyEdge,250322301001,301,975,20,250,5000,GBP
03/22/2025,SpinZone,250322203003,203,693,24,175,4200,EUR
03/22/2025,SpinZone,250322202002,202,744,70,175,12250,EUR
03/22/2025,SpinZone,250322201001,201,685,64,175,11200,EUR
03/22/2025,NovaBet,250322103003,103,701,48,200,9600,GBP
03/22/2025,NovaBet,250322102002,102,410,56,200,11200,GBP
03/22/2025,NovaBet,250322101001,101,671,205,200,41000,GBP
03/21/2025,LuckyEdge,250321303003,303,844,117,250,29250,GBP
03/21/2025,LuckyEdge,250321302002,302,902,146,250,36500,GBP
03/21/2025,LuckyEdge,250321301001,301,982,254,250,63500,GBP
03/21/2025,SpinZone,250321203003,203,935,25,175,4375,EUR
03/21/2025,SpinZone,250321202002,202,58,18,175,3150,EUR
03/21/2025,SpinZone,250321202002,202,58,18,175,3150,EUR
03/21/2025,SpinZone,250321201001,201,455,70,175,12250,EUR
03/21/2025,NovaBet,250321103003,103,72,21,200,4200,GBP
03/21/2025,NovaBet,250321102002,102,766,151,200,30200,GBP
03/21/2025,NovaBet,250321101001,101,417,75,200,15000,GBP
03/20/2025,LuckyEdge,250320303003,303,440,146,250,36500,GBP
03/20/2025,LuckyEdge,250320302002,302,159,15,250,3750,GBP
03/20/2025,LuckyEdge,250320301001,301,923,247,250,61750,GBP
03/20/2025,SpinZone,250320203003,203,253,49,175,8575,EUR
03/20/2025,SpinZone,250320202002,202,517,77,175,13475,EUR
03/20/2025,SpinZone,250320201001,201,484,64,175,11200,EUR
03/20/2025,NovaBet,250320103003,103,704,246,200,49200,GBP
03/20/2025,NovaBet,250320102002,102,403,76,200,15200,GBP
03/20/2025,NovaBet,250320101001,101,125,28,200,5600,GBP
03/19/2025,LuckyEdge,250319303003,303,743,80,250,20000,GBP
03/19/2025,LuckyEdge,250319302002,302,972,147,250,36750,GBP
03/19/2025,LuckyEdge,250319301001,301,59,14,250,3500,GBP
03/19/2025,SpinZone,250319203003,203,311,85,175,14875,EUR
03/19/2025,SpinZone,250319202002,202,310,58,175,10150,EUR
03/19/2025,SpinZone,250319201001,201,522,163,175,28525,EUR
03/19/2025,NovaBet,250319103003,103,196,29,200,5800,GBP
03/19/2025,NovaBet,250319102002,102,984,298,200,59600,GBP
03/19/2025,NovaBet,250319101001,101,296,63,200,12600,GBP
03/18/2025,LuckyEdge,250318303003,303,684,174,250,43500,GBP
03/18/2025,LuckyEdge,250318302002,302,941,195,250,48750,GBP
03/18/2025,LuckyEdge,250318301001,301,130,39,250,9750,GBP
03/18/2025,SpinZone,250318203003,203,224,22,175,3850,EUR
03/18/2025,SpinZone,250318202002,202,861,92,175,16100,EUR
03/18/2025,SpinZone,250318201001,201,629,174,175,30450,EUR
03/18/2025,NovaBet,250318103003,103,593,105,200,21000,GBP
03/18/2025,NovaBet,250318102002,102,199,31,200,6200,GBP
03/18/2025,NovaBet,250318101001,101,433,110,200,22000,GBP
03/17/2025,LuckyEdge,250317303003,303,350,45,250,11250,GBP
03/17/2025,LuckyEdge,250317302002,302,865,28,250,7000,GBP
03/17/2025,LuckyEdge,250317301001,301,97,20,250,5000,GBP
03/17/2025,SpinZone,250317203003,203,975,14,175,2450,EUR
03/17/2025,SpinZone,250317202002,202,760,153,175,26775,EUR
03/17/2025,SpinZone,250317201001,201,504,42,175,7350,EUR
03/17/2025,NovaBet,250317103003,103,943,51,200,10200,GBP
03/17/2025,NovaBet,250317102002,102,698,180,200,36000,GBP
03/17/2025,NovaBet,250317101001,101,150,48,200,9600,GBP
03/16/2025,LuckyEdge,250316303003,303,142,27,250,6750,GBP
03/16/2025,LuckyEdge,250316302002,302,282,95,250,23750,GBP
03/16/2025,LuckyEdge,250316301001,301,993,147,250,36750,GBP
03/16/2025,SpinZone,250316203003,203,696,175,175,30625,EUR
03/16/2025,SpinZone,250316202002,202,120,15,175,2625,EUR
03/16/2025,SpinZone,250316201001,201,86,19,175,3325,EUR
03/16/2025,NovaBet,250316103003,103,943,277,200,55400,GBP
03/16/2025,NovaBet,250316102002,102,958,249,200,49800,GBP
03/16/2025,NovaBet,250316101001,101,691,183,200,36600,GBP
03/15/2025,LuckyEdge,250315303003,303,439,81,250,20250,GBP
03/15/2025,LuckyEdge,250315302002,302,922,273,250,68250,GBP
03/15/2025,LuckyEdge,250315301001,301,922,168,250,42000,GBP
03/15/2025,SpinZone,250315203003,203,715,20,175,3500,EUR
03/15/2025,SpinZone,250315202002,202,396,101,175,17675,EUR
03/15/2025,SpinZone,250315201001,201,850,135,175,23625,EUR
03/15/2025,NovaBet,250315103003,103,126,30,200,6000,GBP
03/15/2025,NovaBet,250315102002,102,469,39,200,7800,GBP
03/15/2025,NovaBet,250315101001,101,65,4,200,800,GBP
03/14/2025,LuckyEdge,250314303003,303,982,233,250,58250,GBP
03/14/2025,LuckyEdge,250314302002,302,152,33,250,8250,GBP
03/14/2025,LuckyEdge,250314301001,301,945,225,250,56250,GBP
03/14/2025,SpinZone,250314203003,203,940,51,175,8925,EUR
03/14/2025,SpinZone,250314202002,202,654,84,175,14700,EUR
03/14/2025,SpinZone,250314201001,201,179,32,175,5600,EUR
03/14/2025,NovaBet,250314103003,103,557,9,200,1800,GBP
03/14/2025,NovaBet,250314102002,102,445,38,200,7600,GBP
03/14/2025,NovaBet,250314101001,101,772,195,200,39000,GBP
03/13/2025,LuckyEdge,250313303003,303,375,121,250,30250,GBP
03/13/2025,LuckyEdge,250313302002,302,470,11,250,2750,GBP
03/13/2025,LuckyEdge,250313301001,301,289,99,250,24750,GBP
03/13/2025,SpinZone,250313203003,203,635,98,175,17150,EUR
03/13/2025,SpinZone,250313202002,202,764,122,175,21350,EUR
03/13/2025,SpinZone,250313201001,201,940,96,175,16800,EUR
03/13/2025,NovaBet,250313103003,103,516,82,200,16400,GBP
03/13/2025,NovaBet,250313102002,102,390,96,200,19200,GBP
03/13/2025,NovaBet,250313101001,101,545,88,200,17600,GBP
03/12/2025,LuckyEdge,250312303003,303,507,137,250,34250,GBP
03/12/2025,LuckyEdge,250312302002,302,551,38,250,9500,GBP
03/12/2025,LuckyEdge,250312301001,301,643,168,250,42000,GBP
03/12/2025,SpinZone,250312203003,203,907,300,175,52500,EUR
03/12/2025,SpinZone,250312202002,202,793,152,175,26600,EUR
03/12/2025,SpinZone,250312201001,201,52,9,175,1575,EUR
03/12/2025,NovaBet,250312103003,103,323,105,200,21000,GBP
03/12/2025,NovaBet,250312102002,102,398,129,200,25800,GBP
03/12/2025,NovaBet,250312101001,101,858,212,200,42400,GBP
03/11/2025,LuckyEdge,250311303003,303,332,98,250,24500,GBP
03/11/2025,LuckyEdge,250311302002,302,934,35,250,8750,GBP
03/11/2025,LuckyEdge,250311301001,301,950,69,250,17250,GBP
03/11/2025,SpinZone,250311203003,203,570,191,175,33425,EUR
03/11/2025,SpinZone,250311202002,202,245,76,175,13300,EUR
03/11/2025,SpinZone,250311201001,201,198,49,175,8575,EUR
03/11/2025,NovaBet,250311103003,103,517,141,200,28200,GBP
03/11/2025,NovaBet,250311102002,102,533,62,200,12400,GBP
03/11/2025,NovaBet,250311101001,101,904,247,200,49400,GBP
03/10/2025,LuckyEdge,250310303003,303,329,53,250,13250,GBP
03/10/2025,LuckyEdge,250310302002,302,571,180,250,45000,GBP
03/10/2025,LuckyEdge,250310301001,301,783,149,250,37250,GBP
03/10/2025,LuckyEdge,250310301001,301,783,149,250,37250,GBP
03/10/2025,SpinZone,250310203003,203,207,63,175,11025,EUR
03/10/2025,SpinZone,250310202002,202,713,213,175,37275,EUR
03/10/2025,SpinZone,250310201001,201,522,30,175,5250,EUR
03/10/2025,NovaBet,250310103003,103,911,58,200,11600,GBP
03/10/2025,NovaBet,250310102002,102,145,14,200,2800,GBP
03/10/2025,NovaBet,250310101001,101,615,104,200,20800,GBP
03/09/2025,LuckyEdge,250309303003,303,368,3,250,750,GBP
03/09/2025,LuckyEdge,250309302002,302,776,81,250,20250,GBP
03/09/2025,LuckyEdge,250309301001,301,868,122,250,30500,GBP
03/09/2025,SpinZone,250309203003,203,695,155,175,27125,EUR
03/09/2025,SpinZone,250309202002,202,174,1,175,175,EUR
03/09/2025,SpinZone,250309201001,201,498,124,175,21700,EUR
03/09/2025,NovaBet,250309103003,103,999,147,200,29400,GBP
03/09/2025,NovaBet,250309102002,102,612,33,200,6600,GBP
03/09/2025,NovaBet,250309101001,101,258,34,200,6800,GBP
03/08/2025,LuckyEdge,250308303003,303,828,26,250,6500,GBP
03/08/2025,LuckyEdge,250308302002,302,690,113,250,28250,GBP
03/08/2025,LuckyEdge,250308301001,301,420,127,250,31750,GBP
03/08/2025,SpinZone,250308203003,203,242,66,175,11550,EUR
03/08/2025,SpinZone,250308202002,202,473,13,175,2275,EUR
03/08/2025,SpinZone,250308201001,201,605,118,175,20650,EUR
03/08/2025,NovaBet,250308103003,103,723,222,200,44400,GBP
03/08/2025,NovaBet,250308102002,102,894,0,200,0,GBP
03/08/2025,NovaBet,250308101001,101,463,131,200,26200,GBP
03/07/2025,LuckyEdge,250307303003,303,168,49,250,12250,GBP
03/07/2025,LuckyEdge,250307302002,302,308,41,250,10250,GBP
03/07/2025,LuckyEdge,250307301001,301,140,20,250,5000,GBP
03/07/2025,SpinZone,250307203003,203,87,14,175,2450,EUR
03/07/2025,SpinZone,250307202002,202,460,140,175,24500,EUR
03/07/2025,SpinZone,250307201001,201,345,84,175,14700,EUR
03/07/2025,NovaBet,250307103003,103,760,253,200,50600,GBP
03/07/2025,NovaBet,250307102002,102,387,105,200,21000,GBP
03/07/2025,NovaBet,250307101001,101,928,82,200,16400,GBP
03/06/2025,LuckyEdge,250306303003,303,736,53,250,13250,GBP
03/06/2025,LuckyEdge,250306302002,302,391,82,250,20500,GBP
03/06/2025,LuckyEdge,250306301001,301,406,104,250,26000,GBP
03/06/2025,SpinZone,250306203003,203,143,30,175,5250,EUR
03/06/2025,SpinZone,250306202002,202,883,251,175,43925,EUR
03/06/2025,SpinZone,250306201001,201,496,162,175,28350,EUR
03/06/2025,NovaBet,250306103003,103,235,74,200,14800,GBP
03/06/2025,NovaBet,250306102002,102,988,142,200,28400,GBP
03/06/2025,NovaBet,250306101001,101,717,113,200,22600,GBP
03/05/2025,LuckyEdge,250305303003,303,531,132,250,33000,GBP
03/05/2025,LuckyEdge,250305302002,302,831,89,250,22250,GBP
03/05/2025,LuckyEdge,250305301001,301,640,10,250,2500,GBP
03/05/2025,SpinZone,250305203003,203,833,137,175,23975,EUR
03/05/2025,SpinZone,250305202002,202,651,5,175,875,EUR
03/05/2025,SpinZone,250305201001,201,906,294,175,51450,EUR
03/05/2025,NovaBet,250305103003,103,284,86,200,17200,GBP
03/05/2025,NovaBet,250305102002,102,76,2,200,400,GBP
03/05/2025,NovaBet,250305101001,101,668,64,200,12800,GBP
03/04/2025,LuckyEdge,250304303003,303,802,165,250,41250,GBP
03/04/2025,LuckyEdge,250304302002,302,90,27,250,6750,GBP
03/04/2025,LuckyEdge,250304301001,301,132,38,250,9500,GBP
03/04/2025,SpinZone,250304203003,203,555,112,175,19600,EUR
03/04/2025,SpinZone,250304202002,202,562,138,175,24150,EUR
03/04/2025,SpinZone,250304201001,201,462,69,175,12075,EUR
03/04/2025,NovaBet,250304103003,103,361,89,200,17800,GBP
03/04/2025,NovaBet,250304102002,102,529,176,200,35200,GBP
03/04/2025,NovaBet,250304101001,101,499,31,200,6200,GBP
03/03/2025,LuckyEdge,250303303003,303,993,147,250,36750,GBP
03/03/2025,LuckyEdge,250303302002,302,894,291,250,72750,GBP
03/03/2025,LuckyEdge,250303301001,301,659,191,250,47750,GBP
03/03/2025,SpinZone,250303203003,203,219,39,175,6825,EUR
03/03/2025,SpinZone,250303202002,202,123,3,175,525,EUR
03/03/2025,SpinZone,250303201001,201,896,72,175,12600,EUR
03/03/2025,NovaBet,250303103003,103,980,136,200,27200,GBP
03/03/2025,NovaBet,250303102002,102,713,38,200,7600,GBP
03/03/2025,NovaBet,250303101001,101,607,57,200,11400,GBP
03/02/2025,LuckyEdge,250302303003,303,485,29,250,7250,GBP
03/02/2025,LuckyEdge,250302302002,302,856,101,250,25250,GBP
03/02/2025,LuckyEdge,250302301001,301,996,135,250,33750,GBP
03/02/2025,SpinZone,250302203003,203,122,14,175,2450,EUR
03/02/2025,SpinZone,250302202002,202,769,232,175,40600,EUR
03/02/2025,SpinZone,250302201001,201,773,144,175,25200,EUR
03/02/2025,NovaBet,250302103003,103,287,36,200,7200,GBP
03/02/2025,NovaBet,250302102002,102,348,4,200,800,GBP
03/02/2025,NovaBet,250302101001,101,658,120,200,24000,GBP
03/01/2025,LuckyEdge,250301303003,303,511,176,250,44000,GBP
03/01/2025,LuckyEdge,250301302002,302,52,13,250,3250,GBP
03/01/2025,LuckyEdge,250301301001,301,126,10,250,2500,GBP
03/01/2025,SpinZone,250301203003,203,227,70,175,12250,EUR
03/01/2025,SpinZone,250301202002,202,210,30,175,5250,EUR
03/01/2025,SpinZone,250301201001,201,726,20,175,3500,EUR
03/01/2025,NovaBet,250301103003,103,266,33,200,6600,GBP
03/01/2025,NovaBet,250301102002,102,262,80,200,16000,GBP
03/01/2025,NovaBet,250301101001,101,151,48,200,9600,GBP
28/02/2025,LuckyEdge,250228303003,303,674,189,250,47250,GBP
28/02/2025,LuckyEdge,250228302002,302,685,15,250,3750,GBP
28/02/2025,LuckyEdge,250228301001,301,362,72,250,18000,GBP
28/02/2025,SpinZone,250228203003,203,652,109,175,19075,EUR
28/02/2025,SpinZone,250228202002,202,354,110,175,19250,EUR
28/02/2025,SpinZone,250228201001,201,980,226,175,39550,EUR
28/02/2025,NovaBet,250228103003,103,439,115,200,23000,GBP
28/02/2025,NovaBet,250228102002,102,844,267,200,53400,GBP
28/02/2025,NovaBet,250228101001,101,683,57,200,11400,GBP
27/02/2025,LuckyEdge,250227303003,303,660,202,250,50500,GBP
27/02/2025,LuckyEdge,250227302002,302,476,155,250,38750,GBP
27/02/2025,LuckyEdge,250227301001,301,621,195,250,48750,GBP
27/02/2025,SpinZone,250227203003,203,304,15,175,2625,EUR
27/02/2025,SpinZone,250227202002,202,361,10,175,1750,EUR
27/02/2025,SpinZone,250227201001,201,880,288,175,50400,EUR
27/02/2025,NovaBet,250227103003,103,205,19,200,3800,GBP
27/02/2025,NovaBet,250227102002,102,752,27,200,5400,GBP
27/02/2025,NovaBet,250227101001,101,640,161,200,32200,GBP
26/02/2025,LuckyEdge,250226303003,303,553,18,250,4500,GBP
26/02/2025,LuckyEdge,250226302002,302,116,25,250,6250,GBP
26/02/2025,LuckyEdge,250226301001,301,166,52,250,13000,GBP
26/02/2025,SpinZone,250226203003,203,308,61,175,10675,EUR
26/02/2025,SpinZone,250226202002,202,238,6,175,1050,EUR
26/02/2025,SpinZone,250226201001,201,501,87,175,15225,EUR
26/02/2025,NovaBet,250226103003,103,530,122,200,24400,GBP
26/02/2025,NovaBet,250226102002,102,637,72,200,14400,GBP
26/02/2025,NovaBet,250226101001,101,155,0,200,0,GBP
25/02/2025,LuckyEdge,250225303003,303,939,251,250,62750,GBP
25/02/2025,LuckyEdge,250225302002,302,179,40,250,10000,GBP
25/02/2025,LuckyEdge,250225301001,301,349,89,250,22250,GBP
25/02/2025,SpinZone,250225203003,203,105,35,175,6125,EUR
25/02/2025,SpinZone,250225202002,202,330,5,175,875,EUR
25/02/2025,SpinZone,250225201001,201,775,64,175,11200,EUR
25/02/2025,NovaBet,250225103003,103,359,1,200,200,GBP
25/02/2025,NovaBet,250225102002,102,419,45,200,9000,GBP
25/02/2025,NovaBet,250225101001,101,353,29,200,5800,GBP
24/02/2025,LuckyEdge,250224303003,303,902,99,250,24750,GBP
24/02/2025,LuckyEdge,250224302002,302,339,12,250,3000,GBP
24/02/2025,LuckyEdge,250224301001,301,587,152,250,38000,GBP
24/02/2025,SpinZone,250224203003,203,653,194,175,33950,EUR
24/02/2025,SpinZone,250224202002,202,333,92,175,16100,EUR
24/02/2025,SpinZone,250224201001,201,806,247,175,43225,EUR
24/02/2025,NovaBet,250224103003,103,246,27,200,5400,GBP
24/02/2025,NovaBet,250224102002,102,756,94,200,18800,GBP
24/02/2025,NovaBet,250224101001,101,598,195,200,39000,GBP
23/02/2025,LuckyEdge,250223303003,303,172,47,250,11750,GBP
23/02/2025,LuckyEdge,250223302002,302,247,40,250,10000,GBP
23/02/2025,LuckyEdge,250223301001,301,173,46,250,11500,GBP
23/02/2025,SpinZone,250223203003,203,307,29,175,5075,EUR
23/02/2025,SpinZone,250223202002,202,327,39,175,6825,EUR
23/02/2025,SpinZone,250223201001,201,769,232,175,40600,EUR
23/02/2025,NovaBet,250223103003,103,388,90,200,18000,GBP
23/02/2025,NovaBet,250223102002,102,485,140,200,28000,GBP
23/02/2025,NovaBet,250223101001,101,593,88,200,17600,GBP
22/02/2025,LuckyEdge,250222303003,303,534,141,250,35250,GBP
22/02/2025,LuckyEdge,250222302002,302,363,94,250,23500,GBP
22/02/2025,LuckyEdge,250222301001,301,758,124,250,31000,GBP
22/02/2025,SpinZone,250222203003,203,276,51,175,8925,EUR
22/02/2025,SpinZone,250222202002,202,145,18,175,3150,EUR
22/02/2025,SpinZone,250222201001,201,-8,0,175,0,EUR
22/02/2025,NovaBet,250222103003,103,552,114,200,22800,GBP
22/02/2025,NovaBet,250222102002,102,711,182,200,36400,GBP
22/02/2025,NovaBet,250222101001,101,757,243,200,48600,GBP
21/02/2025,LuckyEdge,250221303003,303,826,123,250,30750,GBP
21/02/2025,LuckyEdge,250221302002,302,550,142,250,35500,GBP
21/02/2025,LuckyEdge,250221301001,301,787,208,250,52000,GBP
21/02/2025,SpinZone,250221203003,203,137,15,175,2625,EUR
21/02/2025,SpinZone,250221202002,202,579,48,175,8400,EUR
21/02/2025,SpinZone,250221201001,201,619,2,175,350,EUR
21/02/2025,NovaBet,250221103003,103,951,141,200,28200,GBP
21/02/2025,NovaBet,250221102002,102,398,71,200,14200,GBP
21/02/2025,NovaBet,250221101001,101,866,132,200,26400,GBP
20/02/2025,LuckyEdge,250220303003,303,267,45,250,11250,GBP
20/02/2025,LuckyEdge,250220302002,302,236,62,250,15500,GBP
20/02/2025,LuckyEdge,250220301001,301,556,83,250,20750,GBP
20/02/2025,SpinZone,250220203003,203,394,7,175,1225,EUR
20/02/2025,SpinZone,250220202002,202,734,194,175,33950,EUR
20/02/2025,SpinZone,250220201001,201,633,156,175,27300,EUR
20/02/2025,NovaBet,250220103003,103,818,237,200,47400,GBP
20/02/2025,NovaBet,250220102002,102,511,62,200,12400,GBP
20/02/2025,NovaBet,250220101001,101,335,112,200,22400,GBP
19/02/2025,LuckyEdge,250219303003,303,900,44,250,11000,GBP
19/02/2025,LuckyEdge,250219302002,302,380,62,250,15500,GBP
19/02/2025,LuckyEdge,250219301001,301,895,137,250,34250,GBP
19/02/2025,SpinZone,250219203003,203,526,111,175,19425,EUR
19/02/2025,SpinZone,250219202002,202,843,247,175,43225,EUR
19/02/2025,SpinZone,250219201001,201,991,275,175,48125,EUR
19/02/2025,NovaBet,250219103003,103,680,206,200,41200,GBP
19/02/2025,NovaBet,250219102002,102,716,69,200,13800,GBP
19/02/2025,NovaBet,250219101001,101,801,267,200,53400,GBP
18/02/2025,LuckyEdge,250218303003,303,495,45,250,11250,GBP
18/02/2025,LuckyEdge,250218302002,302,774,78,250,19500,GBP
18/02/2025,LuckyEdge,250218301001,301,420,117,250,29250,GBP
18/02/2025,SpinZone,250218203003,203,158,27,175,4725,EUR
18/02/2025,SpinZone,250218202002,202,892,250,175,43750,EUR
18/02/2025,SpinZone,250218201001,201,919,215,175,37625,EUR
18/02/2025,NovaBet,250218103003,103,399,3,200,600,GBP
18/02/2025,NovaBet,250218102002,102,-47,0,200,0,GBP
18/02/2025,NovaBet,250218101001,101,429,17,200,3400,GBP
17/02/2025,LuckyEdge,250217303003,303,488,169,250,42250,GBP
17/02/2025,LuckyEdge,250217302002,302,405,136,250,34000,GBP
17/02/2025,LuckyEdge,250217301001,301,851,21,250,5250,GBP
17/02/2025,SpinZone,250217203003,203,865,289,175,50575,EUR
17/02/2025,SpinZone,250217202002,202,920,61,175,10675,EUR
17/02/2025,SpinZone,250217201001,201,841,154,175,26950,EUR
17/02/2025,NovaBet,250217103003,103,154,44,200,8800,GBP
17/02/2025,NovaBet,250217102002,102,757,124,200,24800,GBP
17/02/2025,NovaBet,250217101001,101,127,37,200,7400,GBP
16/02/2025,LuckyEdge,250216303003,303,456,50,250,12500,GBP
16/02/2025,LuckyEdge,250216302002,302,369,96,250,24000,GBP
16/02/2025,LuckyEdge,250216301001,301,642,6,250,1500,GBP
16/02/2025,SpinZone,250216203003,203,368,27,175,4725,EUR
16/02/2025,SpinZone,250216202002,202,846,83,175,14525,EUR
16/02/2025,SpinZone,250216201001,201,785,58,175,10150,EUR
16/02/2025,NovaBet,250216103003,103,671,191,200,38200,GBP
16/02/2025,NovaBet,250216102002,102,221,77,200,15400,GBP
16/02/2025,NovaBet,250216101001,101,835,188,200,37600,GBP
15/02/2025,LuckyEdge,250215303003,303,766,131,250,32750,GBP
15/02/2025,LuckyEdge,250215302002,302,273,59,250,14750,GBP
15/02/2025,LuckyEdge,250215301001,301,167,36,250,9000,GBP
15/02/2025,SpinZone,250215203003,203,534,171,175,29925,EUR
15/02/2025,SpinZone,250215202002,202,294,16,175,2800,EUR
15/02/2025,SpinZone,250215201001,201,686,39,175,6825,EUR
15/02/2025,NovaBet,250215103003,103,909,10,200,2000,GBP
15/02/2025,NovaBet,250215102002,102,303,25,200,5000,GBP
15/02/2025,NovaBet,250215101001,101,822,15,200,3000,GBP
14/02/2025,LuckyEdge,250214303003,303,849,20,250,5000,GBP
14/02/2025,LuckyEdge,250214302002,302,715,17,250,4250,GBP
14/02/2025,LuckyEdge,250214301001,301,408,57,250,14250,GBP
14/02/2025,SpinZone,250214203003,203,602,13,175,2275,EUR
14/02/2025,SpinZone,250214202002,202,8,312,175,54600,EUR
14/02/2025,SpinZone,250214201001,201,133,30,175,5250,EUR
14/02/2025,NovaBet,250214103003,103,308,106,200,21200,GBP
14/02/2025,NovaBet,250214102002,102,901,215,200,43000,GBP
14/02/2025,NovaBet,250214101001,101,334,96,200,19200,GBP
13/02/2025,LuckyEdge,250213303003,303,395,97,250,24250,GBP
13/02/2025,LuckyEdge,250213302002,302,515,83,250,20750,GBP
13/02/2025,LuckyEdge,250213301001,301,385,54,250,13500,GBP
13/02/2025,SpinZone,250213203003,203,316,48,175,8400,EUR
13/02/2025,SpinZone,250213202002,202,236,6,175,1050,EUR
13/02/2025,SpinZone,250213201001,201,937,236,175,41300,EUR
13/02/2025,NovaBet,250213103003,103,488,34,200,6800,GBP
13/02/2025,NovaBet,250213102002,102,135,41,200,8200,GBP
13/02/2025,NovaBet,250213101001,101,728,6,200,1200,GBP
12/02/2025,LuckyEdge,250212303003,303,656,144,250,36000,GBP
12/02/2025,LuckyEdge,250212302002,302,-114,0,250,0,GBP
12/02/2025,LuckyEdge,250212301001,301,687,136,250,34000,GBP
12/02/2025,SpinZone,250212203003,203,991,65,175,11375,EUR
12/02/2025,SpinZone,250212202002,202,910,239,175,41825,EUR
12/02/2025,SpinZone,250212201001,201,791,84,175,14700,EUR
12/02/2025,NovaBet,250212103003,103,734,207,200,41400,GBP
12/02/2025,NovaBet,250212102002,102,448,86,200,17200,GBP
12/02/2025,NovaBet,250212101001,101,547,7,200,1400,GBP
11/02/2025,LuckyEdge,250211303003,303,329,55,250,13750,GBP
11/02/2025,LuckyEdge,250211302002,302,549,56,250,14000,GBP
11/02/2025,LuckyEdge,250211301001,301,869,112,250,28000,GBP
11/02/2025,SpinZone,250211203003,203,802,279,175,48825,EUR
11/02/2025,SpinZone,250211202002,202,601,191,175,33425,EUR
11/02/2025,NovaBet,250211103003,103,355,96,200,19200,GBP
11/02/2025,NovaBet,250211102002,102,56,11,200,2200,GBP
11/02/2025,NovaBet,250211101001,101,439,122,200,24400,GBP
10/02/2025,LuckyEdge,250210302002,302,762,10,250,2500,GBP
10/02/2025,LuckyEdge,250210301001,301,448,149,250,37250,GBP
10/02/2025,SpinZone,250210203003,203,261,53,175,9275,EUR
10/02/2025,SpinZone,250210202002,202,475,15,175,2625,EUR
10/02/2025,SpinZone,250210201001,201,605,119,175,20825,EUR
10/02/2025,NovaBet,250210103003,103,467,84,200,16800,GBP
10/02/2025,NovaBet,250210102002,102,115,26,200,5200,GBP
09/02/2025,LuckyEdge,250209303003,303,442,39,250,9750,GBP
09/02/2025,LuckyEdge,250209302002,302,204,29,250,7250,GBP
09/02/2025,LuckyEdge,250209301001,301,132,8,250,2000,GBP
09/02/2025,SpinZone,250209203003,203,964,276,175,48300,EUR
09/02/2025,SpinZone,250209202002,202,393,81,175,14175,EUR
09/02/2025,SpinZone,250209201001,201,290,34,175,5950,EUR
09/02/2025,NovaBet,250209103003,103,780,146,200,29200,GBP
09/02/2025,NovaBet,250209102002,102,500,19,200,3800,GBP
09/02/2025,NovaBet,250209101001,101,294,35,200,7000,GBP
08/02/2025,LuckyEdge,250208303003,303,546,160,250,40000,GBP
08/02/2025,LuckyEdge,250208302002,302,834,266,250,66500,GBP
08/02/2025,LuckyEdge,250208301001,301,910,141,250,35250,GBP
08/02/2025,SpinZone,250208203003,203,819,126,175,22050,EUR
08/02/2025,SpinZone,250208202002,202,510,66,175,11550,EUR
08/02/2025,SpinZone,250208201001,201,811,243,175,42525,EUR
08/02/2025,NovaBet,250208103003,103,506,40,200,8000,GBP
08/02/2025,NovaBet,250208102002,102,486,140,200,28000,GBP
08/02/2025,NovaBet,250208101001,101,786,258,200,51600,GBP
07/02/2025,LuckyEdge,250207303003,303,677,208,250,52000,GBP
07/02/2025,LuckyEdge,250207302002,302,823,226,250,56500,GBP
07/02/2025,LuckyEdge,250207301001,301,733,162,250,40500,GBP
07/02/2025,SpinZone,250207203003,203,-5,0,175,0,EUR
07/02/2025,SpinZone,250207202002,202,517,34,175,5950,EUR
07/02/2025,SpinZone,250207201001,201,989,62,175,10850,EUR
07/02/2025,NovaBet,250207103003,103,620,63,200,12600,GBP
07/02/2025,NovaBet,250207102002,102,525,12,200,2400,GBP
07/02/2025,NovaBet,250207101001,101,873,265,200,53000,GBP
06/02/2025,LuckyEdge,250206303003,303,274,22,250,5500,GBP
06/02/2025,LuckyEdge,250206302002,302,847,217,250,54250,GBP
06/02/2025,LuckyEdge,250206301001,301,55,3,250,750,GBP
06/02/2025,SpinZone,250206203003,203,721,176,175,30800,EUR
06/02/2025,SpinZone,250206202002,202,299,18,175,3150,EUR
06/02/2025,SpinZone,250206201001,201,556,102,175,17850,EUR
06/02/2025,NovaBet,250206103003,103,249,49,200,9800,GBP
06/02/2025,NovaBet,250206102002,102,957,294,200,58800,GBP
06/02/2025,NovaBet,250206101001,101,516,106,200,21200,GBP
05/02/2025,LuckyEdge,250205303003,303,920,37,250,9250,GBP
05/02/2025,LuckyEdge,250205302002,302,536,156,250,39000,GBP
05/02/2025,LuckyEdge,250205301001,301,97,15,250,3750,GBP
05/02/2025,SpinZone,250205203003,203,200,3,175,525,EUR
05/02/2025,SpinZone,250205202002,202,875,101,175,17675,EUR
05/02/2025,SpinZone,250205201001,201,367,57,175,9975,EUR
05/02/2025,NovaBet,250205103003,103,290,86,200,17200,GBP
05/02/2025,NovaBet,250205102002,102,145,48,200,9600,GBP
05/02/2025,NovaBet,250205101001,101,729,171,200,34200,GBP
04/02/2025,LuckyEdge,250204303003,303,340,65,250,16250,GBP
04/02/2025,LuckyEdge,250204302002,302,724,21,250,5250,GBP
04/02/2025,LuckyEdge,250204301001,301,862,86,250,21500,GBP
04/02/2025,SpinZone,250204203003,203,573,121,175,21175,EUR
04/02/2025,SpinZone,250204202002,202,741,109,175,19075,EUR
04/02/2025,SpinZone,250204201001,201,502,113,175,19775,EUR
04/02/2025,NovaBet,250204103003,103,379,119,200,23800,GBP
04/02/2025,NovaBet,250204102002,102,671,167,200,33400,GBP
04/02/2025,NovaBet,250204101001,101,490,148,200,29600,GBP
03/02/2025,LuckyEdge,250203303003,303,343,26,250,6500,GBP
03/02/2025,LuckyEdge,250203302002,302,50,9,250,2250,GBP
03/02/2025,LuckyEdge,250203301001,301,611,213,250,53250,GBP
03/02/2025,SpinZone,250203203003,203,358,51,175,8925,EUR
03/02/2025,SpinZone,250203202002,202,680,145,175,25375,EUR
03/02/2025,SpinZone,250203201001,201,743,89,175,15575,EUR
03/02/2025,NovaBet,250203103003,103,730,194,200,38800,GBP
03/02/2025,NovaBet,250203102002,102,246,53,200,10600,GBP
03/02/2025,NovaBet,250203101001,101,-23,0,200,0,GBP
02/02/2025,LuckyEdge,250202303003,303,763,151,250,37750,GBP
02/02/2025,LuckyEdge,250202302002,302,384,103,250,25750,GBP
02/02/2025,LuckyEdge,250202301001,301,732,209,250,52250,GBP
02/02/2025,SpinZone,250202203003,203,569,79,175,13825,EUR
02/02/2025,SpinZone,250202202002,202,787,153,175,26775,EUR
02/02/2025,SpinZone,250202201001,201,729,63,175,11025,EUR
02/02/2025,NovaBet,250202103003,103,688,80,200,16000,GBP
02/02/2025,NovaBet,250202102002,102,992,169,200,33800,GBP
02/02/2025,NovaBet,250202101001,101,121,42,200,8400,GBP
01/02/2025,LuckyEdge,250201303003,303,422,110,250,27500,GBP
01/02/2025,LuckyEdge,250201302002,302,753,100,250,25000,GBP
01/02/2025,LuckyEdge,250201301001,301,997,275,250,68750,GBP
01/02/2025,SpinZone,250201203003,203,51,16,175,2800,EUR
01/02/2025,SpinZone,250201202002,202,95,27,175,4725,EUR
01/02/2025,SpinZone,250201201001,201,244,32,175,5600,EUR
01/02/2025,NovaBet,250201103003,103,444,147,200,29400,GBP
01/02/2025,NovaBet,250201102002,102,573,29,200,5800,GBP
01/02/2025,NovaBet,250201101001,101,496,155,200,31000,GBP
31/01/2025,LuckyEdge,250131303003,303,403,80,250,20000,GBP
31/01/2025,LuckyEdge,250131302002,302,660,111,250,27750,GBP
31/01/2025,LuckyEdge,250131301001,301,89,6,250,1500,GBP
31/01/2025,SpinZone,250131203003,203,644,67,175,11725,EUR
31/01/2025,SpinZone,250131202002,202,317,22,175,3850,EUR
31/01/2025,SpinZone,250131201001,201,168,56,175,9800,EUR
31/01/2025,NovaBet,250131103003,103,389,7,200,1400,GBP
31/01/2025,NovaBet,250131102002,102,459,137,200,27400,GBP
31/01/2025,NovaBet,250131101001,101,409,130,200,26000,GBP
30/01/2025,LuckyEdge,250130303003,303,121,17,250,4250,GBP
30/01/2025,LuckyEdge,250130302002,302,335,110,250,27500,GBP
30/01/2025,LuckyEdge,250130301001,301,458,84,250,21000,GBP
30/01/2025,SpinZone,250130203003,203,725,49,175,8575,EUR
30/01/2025,SpinZone,250130202002,202,278,3,175,525,EUR
30/01/2025,SpinZone,250130201001,201,890,116,175,20300,EUR
30/01/2025,NovaBet,250130103003,103,408,78,200,15600,GBP
30/01/2025,NovaBet,250130102002,102,886,235,200,47000,GBP
30/01/2025,NovaBet,250130101001,101,277,25,200,5000,GBP
29/01/2025,LuckyEdge,250129303003,303,929,240,250,60000,GBP
29/01/2025,LuckyEdge,250129302002,302,,,250,,GBP
29/01/2025,LuckyEdge,250129301001,301,856,55,250,13750,GBP
29/01/2025,SpinZone,250129203003,203,323,20,175,3500,EUR
29/01/2025,SpinZone,250129202002,202,871,127,175,22225,EUR
29/01/2025,SpinZone,250129201001,201,851,210,175,36750,EUR
29/01/2025,NovaBet,250129103003,103,804,170,200,34000,GBP
29/01/2025,NovaBet,250129102002,102,75,5,200,1000,GBP
29/01/2025,NovaBet,250129101001,101,952,211,200,42200,GBP
28/01/2025,LuckyEdge,250128303003,303,869,90,250,22500,GBP
28/01/2025,LuckyEdge,250128302002,302,935,83,250,20750,GBP
28/01/2025,LuckyEdge,250128301001,301,208,30,250,7500,GBP
28/01/2025,SpinZone,250128203003,203,685,191,175,33425,EUR
28/01/2025,SpinZone,250128202002,202,955,208,175,36400,EUR
28/01/2025,SpinZone,250128201001,201,848,286,175,50050,EUR
28/01/2025,NovaBet,250128103003,103,155,22,200,4400,GBP
28/01/2025,NovaBet,250128102002,102,305,85,200,17000,GBP
28/01/2025,NovaBet,250128101001,101,265,87,200,17400,GBP
27/01/2025,LuckyEdge,250127303003,303,970,183,250,45750,GBP
27/01/2025,LuckyEdge,250127302002,302,970,20,250,5000,GBP
27/01/2025,LuckyEdge,250127301001,301,,,250,,GBP
27/01/2025,SpinZone,250127203003,203,180,2,175,350,EUR
27/01/2025,SpinZone,250127202002,202,201,55,175,9625,EUR
27/01/2025,SpinZone,250127201001,201,646,141,175,24675,EUR
27/01/2025,NovaBet,250127103003,103,904,189,200,37800,GBP
27/01/2025,NovaBet,250127102002,102,608,9,200,1800,GBP
27/01/2025,NovaBet,250127101001,101,975,76,200,15200,GBP
26/01/2025,LuckyEdge,250126303003,303,127,44,250,11000,GBP
26/01/2025,LuckyEdge,250126302002,302,59,3,250,750,GBP
26/01/2025,LuckyEdge,250126301001,301,487,143,250,35750,GBP
26/01/2025,SpinZone,250126203003,203,614,180,175,31500,EUR
26/01/2025,SpinZone,250126202002,202,215,56,175,9800,EUR
26/01/2025,SpinZone,250126201001,201,702,67,175,11725,EUR
26/01/2025,NovaBet,250126103003,103,391,33,200,6600,GBP
26/01/2025,NovaBet,250126102002,102,95,0,200,0,GBP
26/01/2025,NovaBet,250126101001,101,483,70,200,14000,GBP
25/01/2025,LuckyEdge,250125303003,303,144,40,250,10000,GBP
25/01/2025,LuckyEdge,250125302002,302,307,6,250,1500,GBP
25/01/2025,LuckyEdge,250125301001,301,567,125,250,31250,GBP
25/01/2025,SpinZone,250125203003,203,753,135,175,23625,EUR
25/01/2025,SpinZone,250125202002,202,401,52,175,9100,EUR
25/01/2025,SpinZone,250125201001,201,265,91,175,15925,EUR
25/01/2025,NovaBet,250125103003,103,338,77,200,15400,GBP
25/01/2025,NovaBet,250125102002,102,209,34,200,6800,GBP
25/01/2025,NovaBet,250125101001,101,810,283,200,56600,GBP
24/01/2025,LuckyEdge,250124303003,303,961,54,250,13500,GBP
24/01/2025,LuckyEdge,250124302002,302,320,14,250,3500,GBP
24/01/2025,LuckyEdge,250124301001,301,949,68,250,17000,GBP
24/01/2025,SpinZone,250124203003,203,729,53,175,9275,EUR
24/01/2025,SpinZone,250124202002,202,356,119,175,20825,EUR
24/01/2025,SpinZone,250124201001,201,58,17,175,2975,EUR
24/01/2025,NovaBet,250124103003,103,719,135,200,27000,GBP
24/01/2025,NovaBet,250124102002,102,676,206,200,41200,GBP
24/01/2025,NovaBet,250124101001,101,770,154,200,30800,GBP
23/01/2025,LuckyEdge,250123303003,303,903,278,250,69500,GBP
23/01/2025,LuckyEdge,250123302002,302,211,56,250,14000,GBP
23/01/2025,LuckyEdge,250123301001,301,428,72,250,18000,GBP
23/01/2025,SpinZone,250123203003,203,950,125,175,21875,EUR
23/01/2025,SpinZone,250123202002,202,952,35,175,6125,EUR
23/01/2025,SpinZone,250123201001,201,185,44,175,7700,EUR
23/01/2025,NovaBet,250123103003,103,568,67,200,13400,GBP
23/01/2025,NovaBet,250123102002,102,600,54,200,10800,GBP
23/01/2025,NovaBet,250123101001,101,152,4,200,800,GBP
22/01/2025,LuckyEdge,250122303003,303,686,144,250,36000,GBP
22/01/2025,LuckyEdge,250122302002,302,59,14,250,3500,GBP
22/01/2025,LuckyEdge,250122301001,301,819,37,250,9250,GBP
22/01/2025,SpinZone,250122203003,203,518,80,175,14000,EUR
22/01/2025,SpinZone,250122202002,202,737,153,175,26775,EUR
22/01/2025,SpinZone,250122201001,201,455,33,175,5775,EUR
22/01/2025,NovaBet,250122103003,103,294,33,200,6600,GBP
22/01/2025,NovaBet,250122102002,102,783,160,200,32000,GBP
22/01/2025,NovaBet,250122101001,101,259,85,200,17000,GBP
21/01/2025,LuckyEdge,250121303003,303,373,66,250,16500,GBP
21/01/2025,LuckyEdge,250121302002,302,628,133,250,33250,GBP
21/01/2025,LuckyEdge,250121301001,301,479,149,250,37250,GBP
21/01/2025,SpinZone,250121203003,203,684,20,175,3500,EUR
21/01/2025,SpinZone,250121202002,202,658,10,175,1750,EUR
21/01/2025,SpinZone,250121201001,201,302,74,175,12950,EUR
21/01/2025,NovaBet,250121103003,103,961,291,200,58200,GBP
21/01/2025,NovaBet,250121102002,102,463,30,200,6000,GBP
21/01/2025,NovaBet,250121101001,101,119,15,200,3000,GBP
20/01/2025,LuckyEdge,250120303003,303,120,38,250,9500,GBP
20/01/2025,LuckyEdge,250120302002,302,921,95,250,23750,GBP
20/01/2025,LuckyEdge,250120301001,301,570,20,250,5000,GBP
20/01/2025,SpinZone,250120203003,203,211,7,175,1225,EUR
20/01/2025,SpinZone,250120202002,202,564,135,175,23625,EUR
20/01/2025,SpinZone,250120201001,201,648,122,175,21350,EUR
20/01/2025,NovaBet,250120103003,103,108,3,200,600,GBP
20/01/2025,NovaBet,250120102002,102,112,20,200,4000,GBP
20/01/2025,NovaBet,250120101001,101,803,277,200,55400,GBP
19/01/2025,LuckyEdge,250119303003,303,109,37,250,9250,GBP
19/01/2025,LuckyEdge,250119302002,302,353,27,250,6750,GBP
19/01/2025,LuckyEdge,250119301001,301,208,24,250,6000,GBP
19/01/2025,SpinZone,250119203003,203,763,249,175,43575,EUR
19/01/2025,SpinZone,250119202002,202,342,54,175,9450,EUR
19/01/2025,SpinZone,250119201001,201,853,232,175,40600,EUR
19/01/2025,NovaBet,250119103003,103,321,100,200,20000,GBP
19/01/2025,NovaBet,250119102002,102,52,12,200,2400,GBP
19/01/2025,NovaBet,250119101001,101,218,48,200,9600,GBP
18/01/2025,LuckyEdge,250118303003,303,974,30,250,7500,GBP
18/01/2025,LuckyEdge,250118302002,302,268,51,250,12750,GBP
18/01/2025,LuckyEdge,250118301001,301,547,123,250,30750,GBP
18/01/2025,SpinZone,250118203003,203,220,52,175,9100,EUR
18/01/2025,SpinZone,250118202002,202,919,121,175,21175,EUR
18/01/2025,SpinZone,250118201001,201,145,48,175,8400,EUR
18/01/2025,NovaBet,250118103003,103,906,7,200,1400,GBP
18/01/2025,NovaBet,250118102002,102,717,138,200,27600,GBP
18/01/2025,NovaBet,250118101001,101,150,3,200,600,GBP
17/01/2025,LuckyEdge,250117303003,303,503,140,250,35000,GBP
17/01/2025,LuckyEdge,250117302002,302,305,9,250,2250,GBP
17/01/2025,LuckyEdge,250117301001,301,335,59,250,14750,GBP
17/01/2025,SpinZone,250117203003,203,482,46,175,8050,EUR
17/01/2025,SpinZone,250117202002,202,509,35,175,6125,EUR
17/01/2025,SpinZone,250117201001,201,244,68,175,11900,EUR
17/01/2025,NovaBet,250117103003,103,304,24,200,4800,GBP
17/01/2025,NovaBet,250117102002,102,869,55,200,11000,GBP
17/01/2025,NovaBet,250117101001,101,795,173,200,34600,GBP
16/01/2025,LuckyEdge,250116303003,303,112,25,250,6250,GBP
16/01/2025,LuckyEdge,250116302002,302,739,50,250,12500,GBP
16/01/2025,LuckyEdge,250116301001,301,528,13,250,3250,GBP
16/01/2025,SpinZone,250116203003,203,483,105,175,18375,EUR
16/01/2025,SpinZone,250116202002,202,491,90,175,15750,EUR
16/01/2025,SpinZone,250116201001,201,149,42,175,7350,EUR
16/01/2025,NovaBet,250116103003,103,244,12,200,2400,GBP
16/01/2025,NovaBet,250116102002,102,534,104,200,20800,GBP
16/01/2025,NovaBet,250116101001,101,298,100,200,20000,GBP
15/01/2025,LuckyEdge,250115303003,303,185,60,250,15000,GBP
15/01/2025,LuckyEdge,250115302002,302,269,69,250,17250,GBP
15/01/2025,LuckyEdge,250115301001,301,735,248,250,62000,GBP
15/01/2025,SpinZone,250115203003,203,293,35,175,6125,EUR
15/01/2025,SpinZone,250115202002,202,122,32,175,5600,EUR
15/01/2025,SpinZone,250115201001,201,930,169,175,29575,EUR
15/01/2025,SpinZone,250115201001,201,930,169,175,29575,EUR
15/01/2025,NovaBet,250115103003,103,977,16,200,3200,GBP
15/01/2025,NovaBet,250115102002,102,284,8,200,1600,GBP
15/01/2025,NovaBet,250115101001,101,774,30,200,6000,GBP
14/01/2025,LuckyEdge,250114303003,303,57,2,250,500,GBP
14/01/2025,LuckyEdge,250114302002,302,652,56,250,14000,GBP
14/01/2025,LuckyEdge,250114301001,301,617,58,250,14500,GBP
14/01/2025,SpinZone,250114203003,203,71,18,175,3150,EUR
14/01/2025,SpinZone,250114202002,202,115,21,175,3675,EUR
14/01/2025,SpinZone,250114201001,201,303,28,175,4900,EUR
14/01/2025,NovaBet,250114103003,103,512,30,200,6000,GBP
14/01/2025,NovaBet,250114102002,102,498,132,200,26400,GBP
14/01/2025,NovaBet,250114101001,101,458,95,200,19000,GBP
13/01/2025,LuckyEdge,250113303003,303,780,159,250,39750,GBP
13/01/2025,LuckyEdge,250113302002,302,823,102,250,25500,GBP
13/01/2025,LuckyEdge,250113301001,301,266,69,250,17250,GBP
13/01/2025,SpinZone,250113203003,203,943,216,175,37800,EUR
13/01/2025,SpinZone,250113202002,202,321,67,175,11725,EUR
13/01/2025,SpinZone,250113201001,201,612,42,175,7350,EUR
13/01/2025,NovaBet,250113103003,103,181,60,200,12000,GBP
13/01/2025,NovaBet,250113102002,102,834,64,200,12800,GBP
13/01/2025,NovaBet,250113101001,101,828,272,200,54400,GBP
12/01/2025,LuckyEdge,250112303003,303,885,35,250,8750,GBP
12/01/2025,LuckyEdge,250112302002,302,799,248,250,62000,GBP
12/01/2025,LuckyEdge,250112301001,301,130,5,250,1250,GBP
12/01/2025,SpinZone,250112203003,203,296,72,175,12600,EUR
12/01/2025,SpinZone,250112202002,202,295,7,175,1225,EUR
12/01/2025,SpinZone,250112201001,201,949,157,175,27475,EUR
12/01/2025,NovaBet,250112103003,103,164,23,200,4600,GBP
12/01/2025,NovaBet,250112102002,102,550,4,200,800,GBP
12/01/2025,NovaBet,250112101001,101,663,82,200,16400,GBP
11/01/2025,LuckyEdge,250111303003,303,990,0,250,0,GBP
11/01/2025,LuckyEdge,250111302002,302,994,271,250,67750,GBP
11/01/2025,LuckyEdge,250111301001,301,602,199,250,49750,GBP
11/01/2025,SpinZone,250111203003,203,830,82,175,14350,EUR
11/01/2025,SpinZone,250111202002,202,206,47,175,8225,EUR
11/01/2025,SpinZone,250111201001,201,673,50,175,8750,EUR
11/01/2025,NovaBet,250111103003,103,911,259,200,51800,GBP
11/01/2025,NovaBet,250111102002,102,941,152,200,30400,GBP
11/01/2025,NovaBet,250111101001,101,984,54,200,10800,GBP
10/01/2025,LuckyEdge,250110303003,303,232,64,250,16000,GBP
10/01/2025,LuckyEdge,250110302002,302,562,195,250,48750,GBP
10/01/2025,LuckyEdge,250110301001,301,789,134,250,33500,GBP
10/01/2025,SpinZone,250110203003,203,514,0,175,0,EUR
10/01/2025,SpinZone,250110202002,202,495,40,175,7000,EUR
10/01/2025,SpinZone,250110201001,201,164,18,175,3150,EUR
10/01/2025,NovaBet,250110103003,103,837,174,200,34800,GBP
10/01/2025,NovaBet,250110102002,102,748,136,200,27200,GBP
10/01/2025,NovaBet,250110101001,101,746,58,200,11600,GBP
09/01/2025,LuckyEdge,250109303003,303,616,2,250,500,GBP
09/01/2025,LuckyEdge,250109302002,302,591,64,250,16000,GBP
09/01/2025,LuckyEdge,250109301001,301,660,119,250,29750,GBP
09/01/2025,SpinZone,250109203003,203,444,97,175,16975,EUR
09/01/2025,SpinZone,250109202002,202,660,16,175,2800,EUR
09/01/2025,SpinZone,250109201001,201,861,216,175,37800,EUR
09/01/2025,NovaBet,250109103003,103,206,20,200,4000,GBP
09/01/2025,NovaBet,250109102002,102,98,7,200,1400,GBP
09/01/2025,NovaBet,250109101001,101,143,48,200,9600,GBP
08/01/2025,LuckyEdge,250108303003,303,571,126,250,31500,GBP
08/01/2025,LuckyEdge,250108302002,302,274,17,250,4250,GBP
08/01/2025,LuckyEdge,250108301001,301,458,92,250,23000,GBP
08/01/2025,SpinZone,250108203003,203,969,298,175,52150,EUR
08/01/2025,SpinZone,250108202002,202,648,109,175,19075,EUR
08/01/2025,SpinZone,250108201001,201,319,95,175,16625,EUR
08/01/2025,NovaBet,250108103003,103,812,275,200,55000,GBP
08/01/2025,NovaBet,250108103003,103,812,275,200,55000,GBP
08/01/2025,NovaBet,250108102002,102,192,31,200,6200,GBP
08/01/2025,NovaBet,250108101001,101,196,33,200,6600,GBP
07/01/2025,LuckyEdge,250107303003,303,955,234,250,58500,GBP
07/01/2025,LuckyEdge,250107302002,302,561,101,250,25250,GBP
07/01/2025,LuckyEdge,250107301001,301,267,83,250,20750,GBP
07/01/2025,SpinZone,250107203003,203,947,161,175,28175,EUR
07/01/2025,SpinZone,250107202002,202,985,290,175,50750,EUR
07/01/2025,SpinZone,250107201001,201,117,13,175,2275,EUR
07/01/2025,NovaBet,250107103003,103,460,68,200,13600,GBP
07/01/2025,NovaBet,250107102002,102,874,161,200,32200,GBP
07/01/2025,NovaBet,250107101001,101,284,4,200,800,GBP
06/01/2025,LuckyEdge,250106303003,303,382,14,250,3500,GBP
06/01/2025,LuckyEdge,250106302002,302,274,87,250,21750,GBP
06/01/2025,LuckyEdge,250106301001,301,997,285,250,71250,GBP
06/01/2025,SpinZone,250106203003,203,438,69,175,12075,EUR
06/01/2025,SpinZone,250106202002,202,217,59,175,10325,EUR
06/01/2025,SpinZone,250106201001,201,796,125,175,21875,EUR
06/01/2025,NovaBet,250106103003,103,225,68,200,13600,GBP
06/01/2025,NovaBet,250106102002,102,673,162,200,32400,GBP
06/01/2025,NovaBet,250106101001,101,768,36,200,7200,GBP
05/01/2025,LuckyEdge,250105303003,303,736,136,250,34000,GBP
05/01/2025,LuckyEdge,250105302002,302,413,53,250,13250,GBP
05/01/2025,LuckyEdge,250105301001,301,216,47,250,11750,GBP
05/01/2025,SpinZone,250105203003,203,904,186,175,32550,EUR
05/01/2025,SpinZone,250105202002,202,514,162,175,28350,EUR
05/01/2025,SpinZone,250105201001,201,439,71,175,12425,EUR
05/01/2025,NovaBet,250105103003,103,937,51,200,10200,GBP
05/01/2025,NovaBet,250105102002,102,131,14,200,2800,GBP
05/01/2025,NovaBet,250105101001,101,841,148,200,29600,GBP
04/01/2025,LuckyEdge,250104303003,303,96,14,250,3500,GBP
04/01/2025,LuckyEdge,250104302002,302,771,35,250,8750,GBP
04/01/2025,LuckyEdge,250104301001,301,641,49,250,12250,GBP
04/01/2025,SpinZone,250104203003,203,956,185,175,32375,EUR
04/01/2025,SpinZone,250104202002,202,693,158,175,27650,EUR
04/01/2025,SpinZone,250104201001,201,350,106,175,18550,EUR
04/01/2025,NovaBet,250104103003,103,130,35,200,7000,GBP
04/01/2025,NovaBet,250104102002,102,994,193,200,38600,GBP
04/01/2025,NovaBet,250104101001,101,599,31,200,6200,GBP
03/01/2025,LuckyEdge,250103303003,303,797,235,250,58750,GBP
03/01/2025,LuckyEdge,250103302002,302,876,22,250,5500,GBP
03/01/2025,LuckyEdge,250103301001,301,668,67,250,16750,GBP
03/01/2025,SpinZone,250103203003,203,417,88,175,15400,EUR
03/01/2025,SpinZone,250103202002,202,439,24,175,4200,EUR
03/01/2025,SpinZone,250103201001,201,154,5,175,875,EUR
03/01/2025,NovaBet,250103103003,103,831,172,200,34400,GBP
03/01/2025,NovaBet,250103102002,102,209,27,200,5400,GBP
03/01/2025,NovaBet,250103101001,101,398,71,200,14200,GBP
02/01/2025,LuckyEdge,250102303003,303,764,216,250,54000,GBP
02/01/2025,LuckyEdge,250102302002,302,827,81,250,20250,GBP
02/01/2025,LuckyEdge,250102301001,301,878,3,250,750,GBP
02/01/2025,SpinZone,250102203003,203,653,71,175,12425,EUR
02/01/2025,SpinZone,250102202002,202,275,57,175,9975,EUR
02/01/2025,SpinZone,250102201001,201,783,214,175,37450,EUR
02/01/2025,NovaBet,250102103003,103,624,50,200,10000,GBP
02/01/2025,NovaBet,250102102002,102,666,6,200,1200,GBP
02/01/2025,NovaBet,250102101001,101,288,64,200,12800,GBP
01/01/2025,LuckyEdge,250101303003,303,145,13,250,3250,GBP
01/01/2025,LuckyEdge,250101302002,302,82,0,250,0,GBP
01/01/2025,LuckyEdge,250101301001,301,654,108,250,27000,GBP
01/01/2025,SpinZone,250101203003,203,742,44,175,7700,EUR
01/01/2025,SpinZone,250101202002,202,804,52,175,9100,EUR
01/01/2025,SpinZone,250101201001,201,278,17,175,2975,EUR
01/01/2025,NovaBet,250101103003,103,331,31,200,6200,GBP
01/01/2025,NovaBet,250101102002,102,75,23,200,4600,GBP
01/01/2025,NovaBet,250101101001,101,704,28,200,5600,GBP
10/02/2025,NovaBet,,101,773,109,200,21800,GBP
10/02/2025,LuckyEdge,,303,927,294,250,73500,GBP
11/02/2025,SpinZone,,201,449,107,175,18725,EUR
